recall,precision
1.0,0.2222222222222222
1.0,0.222246916324036
1.0,0.2222716159146477
1.0,0.22229632099588753
1.0,0.2223210315695865
1.0,0.22234574763757642
1.0,0.22237046920169
1.0,0.2223951962637607
1.0,0.22241992882562278
1.0,0.22244466688911133
1.0,0.22246941045606228
1.0,0.2224941595283124
1.0,0.22251891410769917
1.0,0.22254367419606097
1.0,0.22256843979523702
1.0,0.22259321090706732
1.0,0.2226179875333927
1.0,0.22264276967605476
1.0,0.22266755733689603
1.0,0.2226923505177597
1.0,0.22271714922049
1.0,0.22274195344693173
1.0,0.2227667631989307
1.0,0.22279157847833353
1.0,0.22281639928698752
1.0,0.22284122562674094
1.0,0.22286605749944283
1.0,0.22289089490694305
1.0,0.22291573785109228
1.0,0.22294058633374206
1.0,0.2229654403567447
1.0,0.2229902999219534
1.0,0.22301516503122212
1.0,0.2230400356864057
1.0,0.2230649118893598
1.0,0.22308979364194087
1.0,0.22311468094600626
1.0,0.22313957380341404
1.0,0.2231644722160232
1.0,0.22318937618569357
1.0,0.22321428571428573
1.0,0.22323920080366114
1.0,0.22326412145568209
1.0,0.22328904767221167
1.0,0.2233139794551139
1.0,0.22333891680625348
1.0,0.2233638597274961
1.0,0.22338880822070814
1.0,0.22341376228775692
1.0,0.22343872193051056
1.0,0.22346368715083798
1.0,0.22348865795060902
1.0,0.22351363433169424
1.0,0.22353861629596514
1.0,0.22356360384529397
1.0,0.22358859698155395
1.0,0.22361359570661896
1.0,0.22363860002236385
1.0,0.22366360993066428
1.0,0.2236886254333967
1.0,0.22371364653243847
1.0,0.22373867322966776
1.0,0.22376370552696354
1.0,0.22378874342620567
1.0,0.22381378692927484
1.0,0.2238388360380526
1.0,0.2238638907544213
1.0,0.2238889510802642
1.0,0.2239140170174653
1.0,0.22393908856790953
1.0,0.22396416573348266
1.0,0.22398924851607122
1.0,0.22401433691756273
1.0,0.2240394309398454
1.0,0.22406453058480844
1.0,0.22408963585434175
1.0,0.22411474675033619
1.0,0.2241398632746834
1.0,0.22416498542927596
1.0,0.22419011321600718
1.0,0.2242152466367713
1.0,0.22424038569346338
1.0,0.22426553038797936
1.0,0.224290680722216
1.0,0.2243158366980709
1.0,0.2243409983174425
1.0,0.2243661655822302
1.0,0.22439133849433412
1.0,0.2244165170556553
1.0,0.22444170126809562
1.0,0.2244668911335578
1.0,0.22449208665394546
1.0,0.224517287831163
1.0,0.22454249466711576
1.0,0.22456770716370986
1.0,0.22459292532285233
1.0,0.22461814914645103
1.0,0.2246433786364147
1.0,0.2246686137946529
1.0,0.22469385462307606
1.0,0.2247191011235955
1.0,0.2247443532981234
1.0,0.22476961114857272
1.0,0.22479487467685738
1.0,0.22482014388489208
1.0,0.22484541877459246
1.0,0.22487069934787496
1.0,0.2248959856066569
1.0,0.2249212775528565
1.0,0.22494657518839276
1.0,0.2249718785151856
1.0,0.22499718753515582
1.0,0.22502250225022502
1.0,0.22504782266231574
1.0,0.22507314877335133
1.0,0.22509848058525606
1.0,0.22512381809995496
1.0,0.2251491613193741
1.0,0.22517451024544022
1.0,0.22519986488008106
1.0,0.22522522522522523
1.0,0.22525059128280212
1.0,0.22527596305474207
1.0,0.22530134054297624
1.0,0.22532672374943669
1.0,0.22535211267605634
1.0,0.225377507324769
1.0,0.22540290769750929
1.0,0.2254283137962128
1.0,0.2254537256228159
1.0,0.2254791431792559
1.0,0.22550456646747097
1.0,0.2255299954894001
1.0,0.22555543024698319
1.0,0.22558087074216107
1.0,0.22560631697687536
1.0,0.22563176895306858
1.0,0.2256572266726842
1.0,0.22568269013766645
1.0,0.2257081593499605
1.0,0.22573363431151242
1.0,0.2257591150242691
1.0,0.22578460149017837
1.0,0.2258100937111889
1.0,0.22583559168925021
1.0,0.22586109542631283
1.0,0.225886604924328
1.0,0.22591212018524795
1.0,0.22593764121102575
1.0,0.2259631680036154
1.0,0.22598870056497175
1.0,0.22601423889705052
1.0,0.22603978300180833
1.0,0.22606533288120267
1.0,0.22609088853719195
1.0,0.22611644997173544
1.0,0.2261420171867933
1.0,0.22616759018432658
1.0,0.2261931689662972
1.0,0.22621875353466803
1.0,0.22624434389140272
1.0,0.2262699400384659
1.0,0.22629554197782303
1.0,0.22632114971144054
1.0,0.22634676324128564
1.0,0.22637238256932654
1.0,0.22639800769753227
1.0,0.22642363862787274
1.0,0.22644927536231885
1.0,0.22647491790284227
1.0,0.22650056625141562
1.0,0.22652622041001247
1.0,0.22655188038060717
1.0,0.22657754616517503
1.0,0.22660321776569228
1.0,0.22662889518413598
1.0,0.22665457842248413
1.0,0.22668026748271564
1.0,0.22670596236681026
1.0,0.22673166307674866
1.0,0.22675736961451248
1.0,0.22678308198208413
1.0,0.22680880018144703
1.0,0.22683452421458547
1.0,0.22686025408348456
1.0,0.22688598979013047
1.0,0.2269117313365101
1.0,0.22693747872461137
1.0,0.22696323195642307
1.0,0.22698899103393486
1.0,0.22701475595913734
1.0,0.22704052673402203
1.0,0.22706630336058128
1.0,0.22709208584080845
1.0,0.2271178741766977
1.0,0.2271436683702442
1.0,0.22716946842344388
1.0,0.22719527433829376
1.0,0.22722108611679165
1.0,0.22724690376093626
1.0,0.22727272727272727
1.0,0.22729855665416523
1.0,0.22732439190725165
1.0,0.22735023303398885
1.0,0.22737608003638018
1.0,0.2274019329164298
1.0,0.22742779167614283
1.0,0.22745365631752532
1.0,0.22747952684258416
1.0,0.22750540325332727
1.0,0.22753128555176336
1.0,0.22755717373990214
1.0,0.2275830678197542
1.0,0.22760896779333106
1.0,0.22763487366264512
1.0,0.22766078542970974
1.0,0.22768670309653916
1.0,0.22771262666514858
1.0,0.2277385561375541
1.0,0.2277644915157727
1.0,0.22779043280182232
1.0,0.22781637999772184
1.0,0.227842333105491
1.0,0.2278682921271505
1.0,0.22789425706472197
1.0,0.22792022792022792
1.0,0.22794620469569182
1.0,0.22797218739313804
1.0,0.22799817601459188
1.0,0.22802417056207958
1.0,0.22805017103762829
1.0,0.22807617744326605
1.0,0.2281021897810219
1.0,0.22812820805292575
1.0,0.22815423226100845
1.0,0.22818026240730177
1.0,0.22820629849383842
1.0,0.22823234052265207
1.0,0.22825838849577723
1.0,0.2282844424152494
1.0,0.228310502283105
1.0,0.22833656810138145
1.0,0.2283626398721169
1.0,0.2283887175973507
1.0,0.2284148012791229
1.0,0.2284408909194746
1.0,0.2284669865204478
1.0,0.22849308808408544
1.0,0.22851919561243145
1.0,0.22854530910753057
1.0,0.22857142857142856
1.0,0.22859755400617213
1.0,0.22862368541380887
1.0,0.22864982279638732
1.0,0.228675966155957
1.0,0.22870211549456831
1.0,0.22872827081427263
1.0,0.22875443211712226
1.0,0.22878059940517045
1.0,0.22880677268047134
1.0,0.2288329519450801
1.0,0.22885913720105275
1.0,0.22888532845044632
1.0,0.22891152569531875
1.0,0.22893772893772893
1.0,0.2289639381797367
1.0,0.2289901534234028
1.0,0.22901637467078897
1.0,0.22904260192395787
1.0,0.2290688351849731
1.0,0.2290950744558992
1.0,0.2291213197388017
1.0,0.229147571035747
1.0,0.22917382834880257
1.0,0.22920009168003666
1.0,0.22922636103151864
1.0,0.22925263640531865
1.0,0.22927891780350798
1.0,0.22930520522815867
1.0,0.2293314986813439
1.0,0.22935779816513763
1.0,0.22938410368161485
1.0,0.22941041523285158
1.0,0.22943673282092464
1.0,0.22946305644791187
1.0,0.22948938611589215
1.0,0.22951572182694516
1.0,0.2295420635831516
1.0,0.2295684113865932
1.0,0.22959476523935254
1.0,0.2296211251435132
1.0,0.22964749110115973
1.0,0.2296738631143776
1.0,0.22970024118525326
1.0,0.22972662531587412
1.0,0.22975301550832855
1.0,0.22977941176470587
1.0,0.2298058140870964
1.0,0.22983222247759136
1.0,0.22985863693828296
1.0,0.22988505747126436
1.0,0.22991148407862974
1.0,0.22993791676247413
1.0,0.22996435552489364
1.0,0.22999080036798528
1.0,0.23001725129384704
1.0,0.23004370830457788
1.0,0.2300701714022777
1.0,0.2300966405890474
1.0,0.23012311586698883
1.0,0.23014959723820483
1.0,0.23017608470479917
1.0,0.2302025782688766
1.0,0.23022907793254288
1.0,0.23025558369790466
1.0,0.23028209556706966
1.0,0.2303086135421465
1.0,0.23033513762524474
1.0,0.230361667818475
1.0,0.23038820412394886
1.0,0.2304147465437788
1.0,0.23044129508007835
1.0,0.23046784973496198
1.0,0.23049441051054512
1.0,0.23052097740894423
1.0,0.23054755043227665
1.0,0.23057412958266083
1.0,0.23060071486221606
1.0,0.23062730627306274
1.0,0.23065390381732212
1.0,0.2306805074971165
1.0,0.23070711731456917
1.0,0.23073373327180433
1.0,0.23076035537094727
1.0,0.23078698361412417
1.0,0.2308136180034622
1.0,0.23084025854108955
1.0,0.23086690522913542
1.0,0.23089355806972986
1.0,0.23092021706500404
1.0,0.23094688221709006
1.0,0.23097355352812102
1.0,0.231000231000231
1.0,0.23102691463555505
1.0,0.23105360443622922
1.0,0.23108030040439054
1.0,0.23110700254217703
1.0,0.23113371085172774
1.0,0.2311604253351826
1.0,0.2311871459946827
1.0,0.23121387283236994
1.0,0.23124060585038733
1.0,0.23126734505087881
1.0,0.23129409043598936
1.0,0.2313208420078649
1.0,0.2313475997686524
1.0,0.23137436372049977
1.0,0.23140113386555594
1.0,0.23142791020597084
1.0,0.23145469274389538
1.0,0.23148148148148148
1.0,0.23150827642088204
1.0,0.23153507756425099
1.0,0.2315618849137432
1.0,0.2315886984715146
1.0,0.23161551823972207
1.0,0.23164234422052352
1.0,0.23166917641607784
1.0,0.23169601482854496
1.0,0.23172285946008575
1.0,0.23174971031286212
1.0,0.23177656738903696
1.0,0.23180343069077422
1.0,0.2318303002202388
1.0,0.23185717597959657
1.0,0.2318840579710145
1.0,0.23191094619666047
1.0,0.23193784065870346
1.0,0.2319647413593134
1.0,0.23199164830066119
1.0,0.23201856148491878
1.0,0.2320454809142592
1.0,0.23207240659085634
1.0,0.23209933851688522
1.0,0.23212627669452182
1.0,0.2321532211259431
1.0,0.23218017181332715
1.0,0.2322071287588529
1.0,0.2322340919647004
1.0,0.23226106143305075
1.0,0.23228803716608595
1.0,0.23231501916598907
1.0,0.23234200743494424
1.0,0.23236900197513652
1.0,0.23239600278875203
1.0,0.23242300987797793
1.0,0.23245002324500233
1.0,0.2324770428920144
1.0,0.23250406882120436
1.0,0.2325311010347634
1.0,0.23255813953488372
1.0,0.23258518432375858
1.0,0.23261223540358222
1.0,0.23263929277654996
1.0,0.23266635644485809
1.0,0.2326934264107039
1.0,0.23272050267628577
1.0,0.2327475852438031
1.0,0.23277467411545624
1.0,0.23280176929344662
1.0,0.23282887077997672
1.0,0.23285597857724996
1.0,0.2328830926874709
1.0,0.232910213112845
1.0,0.23293733985557885
1.0,0.23296447291788003
1.0,0.23299161230195714
1.0,0.2330187580100198
1.0,0.23304591004427871
1.0,0.23307306840694558
1.0,0.2331002331002331
1.0,0.23312740412635505
1.0,0.23315458148752624
1.0,0.23318176518596245
1.0,0.2332089552238806
1.0,0.23323615160349853
1.0,0.2332633543270352
1.0,0.23329056339671062
1.0,0.2333177788147457
1.0,0.2333450005833625
1.0,0.23337222870478413
1.0,0.2333994631812347
1.0,0.2334267040149393
1.0,0.2334539512081242
1.0,0.23348120476301656
1.0,0.23350846468184472
1.0,0.23353573096683794
1.0,0.23356300362022656
1.0,0.233590282644242
1.0,0.2336175680411167
1.0,0.2336448598130841
1.0,0.23367215796237878
1.0,0.23369946249123627
1.0,0.23372677340189318
1.0,0.2337540906965872
1.0,0.23378141437755698
1.0,0.23380874444704233
1.0,0.233836080907284
1.0,0.23386342376052385
1.0,0.2338907730090048
1.0,0.23391812865497075
1.0,0.23394549070066675
1.0,0.2339728591483388
1.0,0.234000234000234
1.0,0.23402761525860052
1.0,0.23405500292568754
1.0,0.2340823970037453
1.0,0.23410979749502517
1.0,0.23413720440177943
1.0,0.23416461772626157
1.0,0.234192037470726
1.0,0.23421946363742827
1.0,0.23424689622862496
1.0,0.23427433524657373
1.0,0.23430178069353327
1.0,0.23432923257176333
1.0,0.23435669088352473
1.0,0.23438415563107934
1.0,0.23441162681669012
1.0,0.23443910444262103
1.0,0.23446658851113716
1.0,0.23449407902450464
1.0,0.23452157598499063
1.0,0.23454907939486339
1.0,0.23457658925639222
1.0,0.23460410557184752
1.0,0.2346316283435007
1.0,0.23465915757362432
1.0,0.2346866932644919
1.0,0.23471423541837813
1.0,0.2347417840375587
1.0,0.23476933912431036
1.0,0.23479690068091102
1.0,0.23482446870963955
1.0,0.23485204321277595
1.0,0.2348796241926013
1.0,0.2349072116513977
1.0,0.2349348055914484
1.0,0.2349624060150376
1.0,0.2349900129244507
1.0,0.23501762632197415
1.0,0.2350452462098954
1.0,0.23507287259050305
1.0,0.23510050546608674
1.0,0.2351281448389372
1.0,0.23515579071134626
1.0,0.23518344308560676
1.0,0.2352111019640127
1.0,0.2352387673488591
1.0,0.23526643924244206
1.0,0.23529411764705882
1.0,0.23532180256500765
1.0,0.2353494939985879
1.0,0.23537719195010004
1.0,0.23540489642184556
1.0,0.23543260741612712
1.0,0.2354603249352484
1.0,0.23548804898151418
1.0,0.23551577955723033
1.0,0.2355435166647038
1.0,0.23557126030624265
1.0,0.23559901048415596
1.0,0.235626767200754
1.0,0.23565453045834805
1.0,0.23568230025925052
1.0,0.2357100766057749
1.0,0.23573785950023574
1.0,0.23576564894494872
1.0,0.23579344494223062
1.0,0.23582124749439926
1.0,0.2358490566037736
1.0,0.23587687227267368
1.0,0.2359046945034206
1.0,0.23593252329833667
1.0,0.23596035865974516
1.0,0.2359882005899705
1.0,0.23601604909133822
1.0,0.2360439041661749
1.0,0.2360717658168083
1.0,0.23609963404556722
1.0,0.2361275088547816
1.0,0.2361553902467824
1.0,0.23618327822390175
1.0,0.2362111727884729
1.0,0.23623907394283014
1.0,0.23626698168930893
1.0,0.23629489603024575
1.0,0.23632281696797827
1.0,0.2363507445048452
1.0,0.23637867864318637
1.0,0.2364066193853428
1.0,0.23643456673365645
1.0,0.23646252069047055
1.0,0.23649048125812935
1.0,0.23651844843897823
1.0,0.23654642223536368
1.0,0.2365744026496333
1.0,0.2366023896841358
1.0,0.23663038334122102
1.0,0.23665838362323985
1.0,0.23668639053254437
1.0,0.23671440407148775
1.0,0.23674242424242425
1.0,0.23677045104770925
1.0,0.23679848448969926
1.0,0.23682652457075193
1.0,0.23685457129322596
1.0,0.23688262465948123
1.0,0.2369106846718787
1.0,0.23693875133278047
1.0,0.23696682464454977
1.0,0.2369949046095509
1.0,0.23702299123014933
1.0,0.23705108450871162
1.0,0.2370791844476055
1.0,0.23710729104919975
1.0,0.23713540431586436
1.0,0.23716352424997036
1.0,0.23719165085388993
1.0,0.23721978412999645
1.0,0.2372479240806643
1.0,0.23727607070826906
1.0,0.23730422401518747
1.0,0.23733238400379733
1.0,0.23736055067647757
1.0,0.23738872403560832
1.0,0.23741690408357075
1.0,0.23744509082274723
1.0,0.23747328425552125
1.0,0.2375014843842774
1.0,0.2375296912114014
1.0,0.2375579047392802
1.0,0.23758612497030174
1.0,0.23761435190685518
1.0,0.2376425855513308
1.0,0.23767082590612001
1.0,0.2376990729736154
1.0,0.23772732675621064
1.0,0.23775558725630053
1.0,0.23778385447628106
1.0,0.23781212841854935
1.0,0.23784040908550363
1.0,0.23786869647954328
1.0,0.23789699060306888
1.0,0.23792529145848204
1.0,0.2379535990481856
1.0,0.23798191337458352
1.0,0.23801023444008093
1.0,0.23803856224708403
1.0,0.23806689679800025
1.0,0.23809523809523808
1.0,0.2381235861412073
1.0,0.23815194093831865
1.0,0.23818030248898417
1.0,0.23820867079561697
1.0,0.23823704586063132
1.0,0.2382654276864427
1.0,0.23829381627546764
1.0,0.23832221163012393
1.0,0.23835061375283043
1.0,0.23837902264600716
1.0,0.23840743831207534
1.0,0.23843586075345732
1.0,0.2384642899725766
1.0,0.23849272597185786
1.0,0.2385211687537269
1.0,0.2385496183206107
1.0,0.23857807467493738
1.0,0.23860653781913624
1.0,0.23863500775563776
1.0,0.2386634844868735
1.0,0.23869196801527628
1.0,0.23872045834328
1.0,0.2387489554733198
1.0,0.2387774594078319
1.0,0.23880597014925373
1.0,0.23883448770002388
1.0,0.23886301206258212
1.0,0.23889154323936931
1.0,0.23892008123282762
1.0,0.23894862604540024
1.0,0.2389771776795316
1.0,0.2390057361376673
1.0,0.2390343014222541
1.0,0.2390628735357399
1.0,0.2390914524805738
1.0,0.2391200382592061
1.0,0.23914863087408825
1.0,0.2391772303276728
1.0,0.2392058366224136
1.0,0.23923444976076555
1.0,0.23926306974518483
1.0,0.23929169657812874
1.0,0.23932033026205576
1.0,0.23934897079942558
1.0,0.23937761819269898
1.0,0.23940627244433804
1.0,0.23943493355680595
1.0,0.23946360153256704
1.0,0.23949227637408693
1.0,0.23952095808383234
1.0,0.23954964666427117
1.0,0.23957834211787254
1.0,0.23960704444710673
1.0,0.23963575365444525
1.0,0.2396644697423607
1.0,0.23969319271332695
1.0,0.239721922569819
1.0,0.2397506593143131
1.0,0.23977940294928665
1.0,0.23980815347721823
1.0,0.2398369109005876
1.0,0.23986567522187574
1.0,0.23989444644356483
1.0,0.2399232245681382
1.0,0.23995200959808038
1.0,0.23998080153587714
1.0,0.24000960038401536
1.0,0.2400384061449832
1.0,0.24006721882126997
1.0,0.24009603841536614
1.0,0.24012486492976348
1.0,0.24015369836695485
1.0,0.24018253872943437
1.0,0.24021138601969733
1.0,0.24024024024024024
1.0,0.24026910139356078
1.0,0.24029796948215787
1.0,0.2403268445085316
1.0,0.24035572647518327
1.0,0.2403846153846154
1.0,0.24041351123933166
1.0,0.24044241404183697
1.0,0.24047132379463748
1.0,0.2405002405002405
1.0,0.24052916416115455
1.0,0.24055809477988935
1.0,0.24058703235895584
1.0,0.24061597690086622
1.0,0.24064492840813378
1.0,0.24067388688327315
1.0,0.2407028523288001
1.0,0.2407318247472316
1.0,0.24076080414108583
1.0,0.24078979051288224
1.0,0.2408187838651415
1.0,0.24084778420038536
1.0,0.24087679152113695
1.0,0.2409058058299205
1.0,0.24093482712926154
1.0,0.24096385542168675
1.0,0.24099289070972407
1.0,0.24102193299590263
1.0,0.2410509822827528
1.0,0.24108003857280616
1.0,0.24110910186859555
1.0,0.24113817217265493
1.0,0.2411672494875196
1.0,0.241196333815726
1.0,0.24122542515981185
1.0,0.24125452352231605
1.0,0.24128362890577873
1.0,0.2413127413127413
1.0,0.24134186074574634
1.0,0.24137098720733768
1.0,0.24140012070006034
1.0,0.24142926122646063
1.0,0.2414584087890861
1.0,0.24148756339048538
1.0,0.24151672503320856
1.0,0.24154589371980675
1.0,0.24157506945283247
1.0,0.24160425223483933
1.0,0.24163344206838228
1.0,0.2416626389560174
1.0,0.24169184290030213
1.0,0.24172105390379503
1.0,0.24175027196905596
1.0,0.24177949709864605
1.0,0.24180872929512756
1.0,0.2418379685610641
1.0,0.24186721489902044
1.0,0.24189646831156264
1.0,0.241925728801258
1.0,0.24195499637067505
1.0,0.24198427102238354
1.0,0.2420135527589545
1.0,0.2420428415829602
1.0,0.2420721374969741
1.0,0.242101440503571
1.0,0.24213075060532688
1.0,0.242160067804819
1.0,0.2421893921046258
1.0,0.24221872350732712
1.0,0.24224806201550386
1.0,0.24227740763173833
1.0,0.242306760358614
1.0,0.24233612019871562
1.0,0.2423654871546292
1.0,0.24239486122894194
1.0,0.24242424242424243
1.0,0.24245363074312037
1.0,0.24248302618816683
1.0,0.24251242876197404
1.0,0.2425418384671356
1.0,0.2425712553062462
1.0,0.242600679281902
1.0,0.24263011039670024
1.0,0.2426595486532395
1.0,0.24268899405411964
1.0,0.24271844660194175
1.0,0.24274790629930817
1.0,0.24277737314882253
1.0,0.24280684715308973
1.0,0.24283632831471588
1.0,0.24286581663630843
1.0,0.24289531212047608
1.0,0.24292481476982875
1.0,0.24295432458697766
1.0,0.2429838415745353
1.0,0.24301336573511542
1.0,0.24304289707133309
1.0,0.24307243558580457
1.0,0.24310198128114743
1.0,0.24313153415998054
1.0,0.24316109422492402
1.0,0.24319066147859922
1.0,0.24322023592362885
1.0,0.24324981756263683
1.0,0.24327940639824838
1.0,0.24330900243309003
1.0,0.24333860566978952
1.0,0.2433682161109759
1.0,0.24339783375927954
1.0,0.24342745861733203
1.0,0.24345709068776628
1.0,0.24348672997321646
1.0,0.24351637647631802
1.0,0.24354603019970775
1.0,0.24357569114602362
1.0,0.243605359317905
1.0,0.24363503471799244
1.0,0.24366471734892786
1.0,0.24369440721335445
1.0,0.24372410431391664
1.0,0.2437538086532602
1.0,0.24378352023403219
1.0,0.2438132390588809
1.0,0.24384296513045597
1.0,0.24387269845140835
1.0,0.24390243902439024
1.0,0.24393218685205512
1.0,0.2439619419370578
1.0,0.2439917042820544
1.0,0.2440214738897023
1.0,0.24405125076266015
1.0,0.24408103490358798
1.0,0.24411082631514708
1.0,0.244140625
1.0,0.24417043096081065
1.0,0.2442002442002442
1.0,0.24423006472096714
1.0,0.24425989252564728
1.0,0.2442897276169537
1.0,0.2443195699975568
1.0,0.24434941967012827
1.0,0.24437927663734116
1.0,0.24440914090186974
1.0,0.24443901246638963
1.0,0.2444688913335778
1.0,0.24449877750611246
1.0,0.2445286709866732
1.0,0.24455857177794083
1.0,0.24458847988259752
1.0,0.2446183953033268
1.0,0.24464831804281345
1.0,0.24467824810374358
1.0,0.2447081854888046
1.0,0.24473813020068527
1.0,0.24476808224207564
1.0,0.24479804161566707
1.0,0.24482800832415227
1.0,0.24485798237022527
1.0,0.24488796375658137
1.0,0.24491795248591722
1.0,0.2449479485609308
1.0,0.2449779519843214
1.0,0.24500796275878967
1.0,0.2450379808870375
1.0,0.24506800637176818
1.0,0.24509803921568626
1.0,0.24512807942149772
1.0,0.24515812699190978
1.0,0.245188181929631
1.0,0.24521824423737126
1.0,0.24524831391784183
1.0,0.2452783909737552
1.0,0.24530847540782533
1.0,0.24533856722276742
1.0,0.245368666421298
1.0,0.24539877300613497
1.0,0.24542888697999754
1.0,0.24545900834560627
1.0,0.24548913710568307
1.0,0.24551927326295114
1.0,0.24554941682013506
1.0,0.2455795677799607
1.0,0.24560972614515536
1.0,0.24563989191844757
1.0,0.24567006510256725
1.0,0.2457002457002457
1.0,0.24573043371421552
1.0,0.2457606291472106
1.0,0.24579083200196633
1.0,0.24582104228121926
1.0,0.24585125998770743
1.0,0.24588148512417016
1.0,0.24591171769334808
1.0,0.24594195769798327
1.0,0.24597220514081908
1.0,0.24600246002460024
1.0,0.24603272235207282
1.0,0.24606299212598426
1.0,0.2460932693490833
1.0,0.24612355402412012
1.0,0.24615384615384617
1.0,0.24618414574101427
1.0,0.24621445278837867
1.0,0.2462447672986949
1.0,0.24627508927471986
1.0,0.24630541871921183
1.0,0.2463357556349304
1.0,0.2463661000246366
1.0,0.24639645189109277
1.0,0.2464268112370626
1.0,0.24645717806531114
1.0,0.24648755237860487
1.0,0.24651793417971157
1.0,0.2465483234714004
1.0,0.24657872025644187
1.0,0.2466091245376079
1.0,0.24663953631767171
1.0,0.246669955599408
1.0,0.2467003823855927
1.0,0.2467308166790032
1.0,0.24676125848241826
1.0,0.24679170779861798
1.0,0.2468221646303838
1.0,0.24685262898049865
1.0,0.2468831008517467
1.0,0.24691358024691357
1.0,0.24694406716878628
1.0,0.24697456162015313
1.0,0.24700506360380386
1.0,0.24703557312252963
1.0,0.24706609017912293
1.0,0.24709661477637757
1.0,0.24712714691708884
1.0,0.24715768660405338
1.0,0.24718823384006922
1.0,0.24721878862793573
1.0,0.2472493509704537
1.0,0.24727992087042533
1.0,0.24731049833065413
1.0,0.24734108335394508
1.0,0.24737167594310452
1.0,0.24740227610094012
1.0,0.24743288383026105
1.0,0.24746349913387775
1.0,0.24749412201460216
1.0,0.24752475247524752
1.0,0.24755539051862854
1.0,0.24758603614756128
1.0,0.2476166893648632
1.0,0.24764735017335315
1.0,0.2476780185758514
1.0,0.24770869457517958
1.0,0.24773937817416078
1.0,0.24777006937561943
1.0,0.24780076818238136
1.0,0.24783147459727387
1.0,0.24786218862312553
1.0,0.2478929102627665
1.0,0.24792363951902813
1.0,0.24795437639474338
1.0,0.24798512089274644
1.0,0.24801587301587302
1.0,0.24804663276696018
1.0,0.24807740014884644
1.0,0.24810817516437167
1.0,0.24813895781637718
1.0,0.24816974810770567
1.0,0.2482005460412013
1.0,0.24823135161970958
1.0,0.24826216484607747
1.0,0.2482929857231533
1.0,0.24832381425378694
1.0,0.2483546504408295
1.0,0.24838549428713363
1.0,0.24841634579555336
1.0,0.2484472049689441
1.0,0.24847807181016277
1.0,0.2485089463220676
1.0,0.24853982850751832
1.0,0.24857071836937608
1.0,0.24860161591050342
1.0,0.2486325211337643
1.0,0.24866343404202412
1.0,0.2486943546381497
1.0,0.24872528292500934
1.0,0.24875621890547264
1.0,0.24878716258241074
1.0,0.24881811395869619
1.0,0.24884907303720294
1.0,0.24888003982080636
1.0,0.24891101431238333
1.0,0.24894199651481205
1.0,0.24897298643097224
1.0,0.24900398406374502
1.0,0.24903498941601296
1.0,0.24906600249066002
1.0,0.24909702329057168
1.0,0.2491280518186348
1.0,0.24915908807773762
1.0,0.24919013207077
1.0,0.24922118380062305
1.0,0.24925224327018944
1.0,0.2492833104823632
1.0,0.2493143854400399
1.0,0.24934546814611644
1.0,0.24937655860349128
1.0,0.24940765681506422
1.0,0.24943876278373658
1.0,0.24946987651241112
1.0,0.249500998003992
1.0,0.2495321272613849
1.0,0.2495632642874969
1.0,0.2495944090852365
1.0,0.24962556165751373
1.0,0.24965672200724004
1.0,0.24968789013732834
1.0,0.24971906605069297
1.0,0.24975024975024976
1.0,0.24978144123891594
1.0,0.2498126405196103
1.0,0.24984384759525297
1.0,0.24987506246876562
1.0,0.24990628514307134
1.0,0.24993751562109473
1.0,0.2499687539057618
1.0,0.25
1.0,0.25003125390673836
1.0,0.25006251562890724
1.0,0.25009378516943853
1.0,0.25012506253126565
1.0,0.2501563477173233
1.0,0.2501876407305479
1.0,0.25021894157387714
1.0,0.2502502502502503
1.0,0.25028156676260793
1.0,0.2503128911138924
1.0,0.2503442233070472
1.0,0.25037556334501754
1.0,0.25040691123075
1.0,0.25043826696719257
1.0,0.25046963055729493
1.0,0.250501002004008
1.0,0.2505323813102844
1.0,0.2505637684790779
1.0,0.2505951635133442
1.0,0.2506265664160401
1.0,0.25065797719012406
1.0,0.25068939583855604
1.0,0.2507208223642974
1.0,0.25075225677031093
1.0,0.2507836990595611
1.0,0.2508151492350138
1.0,0.25084660729963626
1.0,0.2508780732563974
1.0,0.25090954710826746
1.0,0.25094102885821834
1.0,0.25097251850922325
1.0,0.25100401606425704
1.0,0.251035521526296
1.0,0.25106703489831783
1.0,0.25109855618330196
1.0,0.25113008538422904
1.0,0.25116162250408136
1.0,0.25119316754584275
1.0,0.25122472051249845
1.0,0.25125628140703515
1.0,0.25128785023244127
1.0,0.25131942699170645
1.0,0.25135101168782203
1.0,0.2513826043237808
1.0,0.251414204902577
1.0,0.25144581342720645
1.0,0.2514774299006664
1.0,0.2515090543259557
1.0,0.2515406867060747
1.0,0.25157232704402516
1.0,0.2516039753428104
1.0,0.25163563160543534
1.0,0.25166729583490627
1.0,0.2516989680342311
1.0,0.2517306482064191
1.0,0.25176233635448136
1.0,0.2517940324814302
1.0,0.2518257365902795
1.0,0.2518574486840448
1.0,0.2518891687657431
1.0,0.25192089683839275
1.0,0.25195263290501385
1.0,0.25198437696862797
1.0,0.25201612903225806
1.0,0.2520478890989288
1.0,0.25207965717166625
1.0,0.25211143325349805
1.0,0.2521432173474534
1.0,0.25217500945656285
1.0,0.25220680958385877
1.0,0.2522386177323748
1.0,0.2522704339051463
1.0,0.25230225810521006
1.0,0.25233409033560433
1.0,0.25236593059936907
1.0,0.2523977788995457
1.0,0.25242963523917705
1.0,0.25246149962130776
1.0,0.2524933720489837
1.0,0.25252525252525254
1.0,0.2525571410531633
1.0,0.2525890376357666
1.0,0.2526209422761147
1.0,0.25265285497726125
1.0,0.2526847757422615
1.0,0.25271670457417234
1.0,0.2527486414760521
1.0,0.2527805864509606
1.0,0.2528125395019593
1.0,0.2528445006321112
1.0,0.252876469844481
1.0,0.25290844714213456
1.0,0.25294043252813964
1.0,0.2529724260055654
1.0,0.2530044275774826
1.0,0.25303643724696356
1.0,0.25306845501708214
1.0,0.2531004808909137
1.0,0.25313251487153526
1.0,0.25316455696202533
1.0,0.253196607165464
1.0,0.2532286654849329
1.0,0.2532607319235153
1.0,0.25329280648429586
1.0,0.253324889170361
1.0,0.25335697998479856
1.0,0.25338907893069806
1.0,0.25342118601115055
1.0,0.25345330122924853
1.0,0.2534854245880862
1.0,0.25351755609075927
1.0,0.2535496957403651
1.0,0.2535818435400025
1.0,0.253613999492772
1.0,0.2536461636017755
1.0,0.2536783358701167
1.0,0.2537105163009007
1.0,0.2537427048972342
1.0,0.2537749016622256
1.0,0.25380710659898476
1.0,0.2538393197106232
1.0,0.2538715410002539
1.0,0.2539037704709915
1.0,0.25393600812595224
1.0,0.25396825396825395
1.0,0.254000508001016
1.0,0.2540327702273593
1.0,0.2540650406504065
1.0,0.25409731927328166
1.0,0.25412960609911056
1.0,0.25416190113102044
1.0,0.2541942043721403
1.0,0.25422651582560063
1.0,0.25425883549453343
1.0,0.25429116338207247
1.0,0.254323499491353
1.0,0.2543558438255119
1.0,0.2543881963876876
1.0,0.25442055718102025
1.0,0.2544529262086514
1.0,0.2544853034737244
1.0,0.2545176889793841
1.0,0.2545500827287769
1.0,0.2545824847250509
1.0,0.2546148949713558
1.0,0.2546473134708429
1.0,0.25467974022666495
1.0,0.2547121752419766
1.0,0.25474461851993374
1.0,0.25477707006369427
1.0,0.25480952987641736
1.0,0.254841997961264
1.0,0.2548744743213967
1.0,0.2549069589599796
1.0,0.25493945188017847
1.0,0.25497195308516063
1.0,0.2550044625780951
1.0,0.2550369803621525
1.0,0.255069506440505
1.0,0.25510204081632654
1.0,0.25513458349279244
1.0,0.25516713447307987
1.0,0.2551996937603675
1.0,0.2552322613578356
1.0,0.2552648372686662
1.0,0.2552974214960429
1.0,0.25533001404315075
1.0,0.2553626149131767
1.0,0.25539522410930915
1.0,0.2554278416347382
1.0,0.2554604674926555
1.0,0.2554931016862545
1.0,0.25552574421873003
1.0,0.2555583950932788
1.0,0.25559105431309903
1.0,0.2556237218813906
1.0,0.25565639780135496
1.0,0.25568908207619534
1.0,0.2557217747091165
1.0,0.2557544757033248
1.0,0.2557871850620284
1.0,0.2558199027884369
1.0,0.2558526288857618
1.0,0.25588536335721596
1.0,0.2559181062060141
1.0,0.2559508574353724
1.0,0.2559836170485089
1.0,0.2560163850486431
1.0,0.2560491614389963
1.0,0.2560819462227913
1.0,0.25611473940325263
1.0,0.25614754098360654
1.0,0.2561803509670808
1.0,0.25621316935690497
1.0,0.25624599615631005
1.0,0.25627883136852897
1.0,0.2563116749967961
1.0,0.2563445270443476
1.0,0.25637738751442124
1.0,0.2564102564102564
1.0,0.25644313373509425
1.0,0.25647601949217746
1.0,0.25650891368475054
1.0,0.2565418163160595
1.0,0.25657472738935216
1.0,0.25660764690787785
1.0,0.25664057487488773
1.0,0.25667351129363447
1.0,0.2567064561673726
1.0,0.25673940949935814
1.0,0.2567723712928489
1.0,0.25680534155110424
1.0,0.2568383202773854
1.0,0.25687130747495507
1.0,0.25690430314707774
1.0,0.2569373072970195
1.0,0.2569703199280483
1.0,0.2570033410434336
1.0,0.25703637064644647
1.0,0.2570694087403599
1.0,0.2571024553284484
1.0,0.2571355104139882
1.0,0.25716857400025717
1.0,0.257201646090535
1.0,0.2572347266881029
1.0,0.2572678157962439
1.0,0.2573009134182426
1.0,0.2573340195573855
1.0,0.2573671342169605
1.0,0.2574002574002574
1.0,0.2574333891105676
1.0,0.25746652935118436
1.0,0.25749967812540236
1.0,0.25753283543651817
1.0,0.25756600128783
1.0,0.2575991756826378
1.0,0.2576323586242432
1.0,0.2576655501159495
1.0,0.2576987501610617
1.0,0.25773195876288657
1.0,0.2577651759247326
1.0,0.25779840164990975
1.0,0.25783163594173003
1.0,0.25786487880350695
1.0,0.2578981302385558
1.0,0.25793139025019346
1.0,0.2579646588417387
1.0,0.2579979360165119
1.0,0.2580312217778351
1.0,0.25806451612903225
1.0,0.2580978190734288
1.0,0.2581311306143521
1.0,0.258164450755131
1.0,0.2581977794990963
1.0,0.2582311168495804
1.0,0.25826446280991733
1.0,0.2582978173834431
1.0,0.25833118057349524
1.0,0.258364552383413
1.0,0.25839793281653745
1.0,0.2584313218762114
1.0,0.25846471956577927
1.0,0.2584981258885873
1.0,0.25853154084798347
1.0,0.2585649644473174
1.0,0.2585983966899405
1.0,0.258631837579206
1.0,0.2586652871184687
1.0,0.2586987453110852
1.0,0.258732212160414
1.0,0.258765687669815
1.0,0.2587991718426501
1.0,0.2588326646822829
1.0,0.2588661661920787
1.0,0.2588996763754045
1.0,0.2589331952356292
1.0,0.25896672277612326
1.0,0.259000259000259
1.0,0.25903380391141045
1.0,0.25906735751295334
1.0,0.25910091980826533
1.0,0.2591344908007256
1.0,0.25916807049371515
1.0,0.2592016588906169
1.0,0.2592352559948153
1.0,0.25926886180969666
1.0,0.25930247633864906
1.0,0.25933609958506226
1.0,0.25936973155232784
1.0,0.2594033722438392
1.0,0.2594370216629913
1.0,0.2594706798131811
1.0,0.2595043466978072
1.0,0.2595380223202699
1.0,0.25957170668397145
1.0,0.25960539979231567
1.0,0.2596391016487083
1.0,0.25967281225655675
1.0,0.2597065316192702
1.0,0.2597402597402597
1.0,0.25977399662293804
1.0,0.2598077422707197
1.0,0.2598414966870209
1.0,0.2598752598752599
1.0,0.2599090318388564
1.0,0.25994281258123214
1.0,0.2599766021058105
1.0,0.26001040041601664
1.0,0.26004420751527757
1.0,0.26007802340702213
1.0,0.2601118480946807
1.0,0.2601456815816857
1.0,0.2601795238714713
1.0,0.2602133749674733
1.0,0.26024723487312945
1.0,0.2602811035918792
1.0,0.2603149811271639
1.0,0.26034886748242647
1.0,0.2603827626611118
1.0,0.2604166666666667
1.0,0.2604505795025394
1.0,0.26048450117218025
1.0,0.2605184316790413
1.0,0.26055237102657636
1.0,0.26058631921824105
1.0,0.26062027625749284
1.0,0.260654242147791
1.0,0.26068821689259647
1.0,0.2607222004953722
1.0,0.2607561929595828
1.0,0.26079019428869477
1.0,0.2608242044861763
1.0,0.2608582235554976
1.0,0.26089225150013046
1.0,0.2609262883235486
1.0,0.2609603340292276
1.0,0.26099438862064467
1.0,0.26102845210127906
1.0,0.26106252447461165
1.0,0.26109660574412535
1.0,0.2611306959133046
1.0,0.26116479498563594
1.0,0.26119890296460757
1.0,0.2612330198537095
1.0,0.2612671456564337
1.0,0.26130128037627387
1.0,0.2613354240167255
1.0,0.26136957658128596
1.0,0.26140373807345446
1.0,0.26143790849673204
1.0,0.2614720878546215
1.0,0.2615062761506276
1.0,0.2615404733882568
1.0,0.26157467957101754
1.0,0.2616088947024199
1.0,0.2616431187859759
1.0,0.2616773518251995
1.0,0.26171159382360637
1.0,0.261745844784714
1.0,0.2617801047120419
1.0,0.26181437360911114
1.0,0.26184865147944486
1.0,0.261882938326568
1.0,0.26191723415400736
1.0,0.26195153896529144
1.0,0.26198585276395076
1.0,0.26202017555351764
1.0,0.2620545073375262
1.0,0.2620888481195125
1.0,0.2621231979030144
1.0,0.26215755669157165
1.0,0.26219192448872575
1.0,0.2622263012980202
1.0,0.26226068712300027
1.0,0.26229508196721313
1.0,0.2623294858342078
1.0,0.26236389872753507
1.0,0.26239832065074786
1.0,0.2624327516074006
1.0,0.26246719160104987
1.0,0.262501640635254
1.0,0.26253609871357314
1.0,0.2625705658395694
1.0,0.26260504201680673
1.0,0.262639527248851
1.0,0.2626740215392698
1.0,0.2627085248916327
1.0,0.2627430373095113
1.0,0.2627775587964788
1.0,0.2628120893561104
1.0,0.2628466289919832
1.0,0.2628811777076761
1.0,0.26291573550677005
1.0,0.2629503023928478
1.0,0.26298487836949375
1.0,0.2630194634402946
1.0,0.2630540576088386
1.0,0.26308866087871613
1.0,0.26312327325351925
1.0,0.2631578947368421
1.0,0.26319252533228055
1.0,0.26322716504343247
1.0,0.2632618138738976
1.0,0.2632964718272775
1.0,0.2633311389071758
1.0,0.2633658151171978
1.0,0.26340050046095087
1.0,0.26343519494204426
1.0,0.26346989856408903
1.0,0.2635046113306983
1.0,0.2635393332454869
1.0,0.2635740643120717
1.0,0.26360880453407143
1.0,0.2636435539151068
1.0,0.26367831245880025
1.0,0.26371308016877637
1.0,0.2637478570486615
1.0,0.2637826431020839
1.0,0.2638174383326738
1.0,0.2638522427440633
1.0,0.2638870563398865
1.0,0.26392187912377935
1.0,0.2639567110993797
1.0,0.26399155227032733
1.0,0.264026402640264
1.0,0.2640612622128334
1.0,0.264096130991681
1.0,0.26413100898045433
1.0,0.2641658961828028
1.0,0.26420079260237783
1.0,0.2642356982428326
1.0,0.2642706131078224
1.0,0.26430553720100436
1.0,0.26434047052603754
1.0,0.26437541308658297
1.0,0.26441036488630354
1.0,0.2644453259288642
1.0,0.2644802962179318
1.0,0.264515275757175
1.0,0.26455026455026454
1.0,0.2645852626008731
1.0,0.2646202699126753
1.0,0.2646552864893476
1.0,0.2646903123345686
1.0,0.26472534745201853
1.0,0.2647603918453799
1.0,0.26479544551833706
1.0,0.2648305084745763
1.0,0.2648655807177857
1.0,0.26490066225165565
1.0,0.26493575307987816
1.0,0.2649708532061473
1.0,0.26500596263415926
1.0,0.26504108136761195
1.0,0.26507620941020543
1.0,0.2651113467656416
1.0,0.2651464934376243
1.0,0.26518164942985945
1.0,0.2652168147460549
1.0,0.26525198938992045
1.0,0.26528717336516777
1.0,0.26532236667551073
1.0,0.265357569324665
1.0,0.2653927813163482
1.0,0.26542800265428
1.0,0.2654632333421821
1.0,0.265498473383778
1.0,0.2655337227827934
1.0,0.2655689815429558
1.0,0.2656042496679947
1.0,0.26563952716164163
1.0,0.26567481402763016
1.0,0.26571011026969577
1.0,0.26574541589157585
1.0,0.26578073089701
1.0,0.2658160552897395
1.0,0.2658513890735079
1.0,0.2658867322520606
1.0,0.26592208482914503
1.0,0.26595744680851063
1.0,0.26599281819390874
1.0,0.26602819898909286
1.0,0.26606358919781825
1.0,0.2660989888238425
1.0,0.2661343978709248
1.0,0.2661698163428267
1.0,0.2662052442433116
1.0,0.26624068157614483
1.0,0.26627612834509384
1.0,0.2663115845539281
1.0,0.26634705020641897
1.0,0.2663825253063399
1.0,0.2664180098574664
1.0,0.2664535038635758
1.0,0.2664890073284477
1.0,0.26652452025586354
1.0,0.2665600426496068
1.0,0.26659557451346305
1.0,0.26663111585121985
1.0,0.26666666666666666
1.0,0.26670222696359513
1.0,0.2667377967457989
1.0,0.2667733760170735
1.0,0.26680896478121663
1.0,0.266844563042028
1.0,0.26688017080330934
1.0,0.2669157880688643
1.0,0.2669514148424987
1.0,0.2669870511280203
1.0,0.26702269692923897
1.0,0.2670583522499666
1.0,0.2670940170940171
1.0,0.2671296914652064
1.0,0.2671653753673524
1.0,0.26720106880427524
1.0,0.2672367717797969
1.0,0.26727248429774153
1.0,0.2673082063619353
1.0,0.26734393797620637
1.0,0.26737967914438504
1.0,0.26741542987030353
1.0,0.2674511901577962
1.0,0.2674869600106995
1.0,0.2675227394328518
1.0,0.26755852842809363
1.0,0.2675943270002676
1.0,0.26763013515321826
1.0,0.2676659528907923
1.0,0.26770178021683844
1.0,0.2677376171352075
1.0,0.2677734636497523
1.0,0.2678093197643278
1.0,0.26784518548279096
1.0,0.2678810608090008
1.0,0.2679169457468185
1.0,0.2679528403001072
1.0,0.26798874447273213
1.0,0.2680246582685607
1.0,0.2680605816914623
1.0,0.2680965147453083
1.0,0.2681324574339724
1.0,0.2681684097613301
1.0,0.2682043717312592
1.0,0.26824034334763946
1.0,0.2682763246143528
1.0,0.26831231553528306
1.0,0.26834831611431637
1.0,0.2683843263553409
1.0,0.2684203462622467
1.0,0.2684563758389262
1.0,0.26849241508927374
1.0,0.26852846401718583
1.0,0.26856452262656105
1.0,0.2686005909213
1.0,0.2686366689053056
1.0,0.2686727565824825
1.0,0.2687088539567379
1.0,0.26874496103198064
1.0,0.268781077812122
1.0,0.26881720430107525
1.0,0.2688533405027557
1.0,0.26888948642108096
1.0,0.26892564205997044
1.0,0.2689618074233459
1.0,0.26899798251513113
1.0,0.26903416733925206
1.0,0.26907036189963673
1.0,0.2691065662002153
1.0,0.26914278024491994
1.0,0.2691790040376851
1.0,0.26921523758244714
1.0,0.2692514808831449
1.0,0.26928773394371885
1.0,0.26932399676811203
1.0,0.26936026936026936
1.0,0.26939655172413796
1.0,0.269432843863667
1.0,0.2694691457828079
1.0,0.2695054574855141
1.0,0.2695417789757412
1.0,0.2695781102574471
1.0,0.26961445133459155
1.0,0.2696508022111366
1.0,0.2696871628910464
1.0,0.26972353337828725
1.0,0.2697599136768276
1.0,0.26979630379063807
1.0,0.26983270372369134
1.0,0.26986911347996223
1.0,0.2699055330634278
1.0,0.26994196247806723
1.0,0.26997840172786175
1.0,0.27001485081679494
1.0,0.2700513097488523
1.0,0.2700877785280216
1.0,0.2701242571582928
1.0,0.270160745643658
1.0,0.27019724398811135
1.0,0.2702337521956492
1.0,0.2702702702702703
1.0,0.27030679821597514
1.0,0.2703433360367667
1.0,0.27037988373665
1.0,0.2704164413196322
1.0,0.2704530087897228
1.0,0.2704895861509332
1.0,0.27052617340727714
1.0,0.27056277056277056
1.0,0.2705993776214315
1.0,0.2706359945872801
1.0,0.2706726214643389
1.0,0.2707092582566324
1.0,0.27074590496818735
1.0,0.27078256160303277
1.0,0.2708192281651997
1.0,0.27085590465872156
1.0,0.27089259108763375
1.0,0.270929287455974
1.0,0.27096599376778213
1.0,0.27100271002710025
1.0,0.2710394362379726
1.0,0.27107617240444565
1.0,0.27111291853056796
1.0,0.27114967462039047
1.0,0.2711864406779661
1.0,0.27122321670735017
1.0,0.27126000271260003
1.0,0.27129679869777534
1.0,0.271333604666938
1.0,0.27137042062415195
1.0,0.27140724657348353
1.0,0.2714440825190011
1.0,0.27148092846477534
1.0,0.27151778441487917
1.0,0.27155465037338766
1.0,0.27159152634437805
1.0,0.2716284123319299
1.0,0.271665308340125
1.0,0.27170221437304715
1.0,0.2717391304347826
1.0,0.2717760565294198
1.0,0.2718129926610492
1.0,0.27184993883376374
1.0,0.27188689505165853
1.0,0.27192386131883073
1.0,0.27196083763937995
1.0,0.27199782401740785
1.0,0.2720348204570185
1.0,0.2720718269623181
1.0,0.272108843537415
1.0,0.27214587018641995
1.0,0.2721829069134458
1.0,0.2722199537226079
1.0,0.27225701061802343
1.0,0.27229407760381213
1.0,0.27233115468409586
1.0,0.2723682418629988
1.0,0.27240533914464726
1.0,0.27244244653316985
1.0,0.2724795640326976
1.0,0.2725166916473634
1.0,0.2725538293813028
1.0,0.2725909772386534
1.0,0.27262813522355506
1.0,0.27266530334015
1.0,0.2727024815925825
1.0,0.2727396699849993
1.0,0.27277686852154936
1.0,0.27281407720638384
1.0,0.2728512960436562
1.0,0.27288852503752214
1.0,0.27292576419213976
1.0,0.2729630135116692
1.0,0.273000273000273
1.0,0.27303754266211605
1.0,0.2730748225013654
1.0,0.27311211252219036
1.0,0.27314941272876264
1.0,0.2731867231252561
1.0,0.273224043715847
1.0,0.27326137450471377
1.0,0.2732987154960372
1.0,0.2733360666940003
1.0,0.2733734281027884
1.0,0.2734107997265892
1.0,0.27344818156959255
1.0,0.2734855736359907
1.0,0.2735229759299781
1.0,0.2735603884557516
1.0,0.27359781121751026
1.0,0.27363524421945545
1.0,0.27367268746579093
1.0,0.2737101409607226
1.0,0.2737476047084588
1.0,0.2737850787132101
1.0,0.2738225629791895
1.0,0.2738600575106121
1.0,0.27389756231169543
1.0,0.27393507738665934
1.0,0.273972602739726
1.0,0.2740101383751199
1.0,0.2740476842970677
1.0,0.27408524050979854
1.0,0.2741228070175439
1.0,0.27416038382453733
1.0,0.2741979709350151
1.0,0.2742355683532154
1.0,0.27427317608337903
1.0,0.274310794129749
1.0,0.27434842249657065
1.0,0.27438606118809167
1.0,0.27442371020856204
1.0,0.2744613695622341
1.0,0.2744990392533626
1.0,0.27453671928620454
1.0,0.2745744096650192
1.0,0.27461211039406835
1.0,0.274649821477616
1.0,0.2746875429199286
1.0,0.27472527472527475
1.0,0.27476301689792554
1.0,0.2748007694421544
1.0,0.2748385323622372
1.0,0.2748763056624519
1.0,0.27491408934707906
1.0,0.27495188342040144
1.0,0.27498968788670425
1.0,0.27502750275027504
1.0,0.2750653280154037
1.0,0.2751031636863824
1.0,0.27514100976750583
1.0,0.275178866263071
1.0,0.27521673317737716
1.0,0.2752546105147261
1.0,0.27529249827942187
1.0,0.2753303964757709
1.0,0.2753683051080821
1.0,0.27540622418066646
1.0,0.27544415369783776
1.0,0.27548209366391185
1.0,0.27552004408320707
1.0,0.27555800496004407
1.0,0.27559597629874605
1.0,0.2756339581036384
1.0,0.27567195037904896
1.0,0.27570995312930796
1.0,0.2757479663587481
1.0,0.27578599007170435
1.0,0.2758240242725141
1.0,0.27586206896551724
1.0,0.2759001241550559
1.0,0.27593818984547464
1.0,0.27597626604112047
1.0,0.2760143527463428
1.0,0.27605244996549344
1.0,0.27609055770292656
1.0,0.2761286759629988
1.0,0.27616680475006905
1.0,0.2762049440684988
1.0,0.27624309392265195
1.0,0.2762812543168946
1.0,0.27631942525559544
1.0,0.2763576067431256
1.0,0.2763957987838585
1.0,0.27643400138217
1.0,0.2764722145424385
1.0,0.27651043826904464
1.0,0.27654867256637167
1.0,0.27658691743880515
1.0,0.2766251728907331
1.0,0.2766634389265459
1.0,0.27670171555063644
1.0,0.2767400027674
1.0,0.2767783005812344
1.0,0.2768166089965398
1.0,0.2768549280177187
1.0,0.2768932576491762
1.0,0.27693159789531985
1.0,0.27696994876055947
1.0,0.2770083102493075
1.0,0.2770466823659787
1.0,0.2770850651149903
1.0,0.2771234585007621
1.0,0.2771618625277162
1.0,0.2772002772002772
1.0,0.2772387025228722
1.0,0.2772771384999307
1.0,0.2773155851358846
1.0,0.2773540424351685
1.0,0.27739251040221913
1.0,0.27743098904147595
1.0,0.27746947835738067
1.0,0.2775079783543777
1.0,0.2775464890369137
1.0,0.2775850104094379
1.0,0.277623542476402
1.0,0.27766208524226016
1.0,0.27770063871146905
1.0,0.2777392028884877
1.0,0.2777777777777778
1.0,0.27781636338380333
1.0,0.27785495971103086
1.0,0.2778935667639294
1.0,0.27793218454697055
1.0,0.27797081306462823
1.0,0.2780094523213789
1.0,0.27804810232170163
1.0,0.27808676307007785
1.0,0.27812543457099154
1.0,0.27816411682892905
1.0,0.2782028098483795
1.0,0.27824151363383415
1.0,0.2782802281897871
1.0,0.27831895352073477
1.0,0.2783576896311761
1.0,0.27839643652561247
1.0,0.27843519420854795
1.0,0.278473962684489
1.0,0.27851274195794457
1.0,0.2785515320334262
1.0,0.2785903329154478
1.0,0.27862914460852606
1.0,0.2786679671171799
1.0,0.2787068004459309
1.0,0.2787456445993031
1.0,0.2787844995818233
1.0,0.27882336539802033
1.0,0.2788622420524261
1.0,0.2789011295495747
1.0,0.2789400278940028
1.0,0.2789789370902497
1.0,0.27901785714285715
1.0,0.27905678805636946
1.0,0.27909572983533354
1.0,0.2791346824842987
1.0,0.27917364600781686
1.0,0.27921262041044254
1.0,0.27925160569673274
1.0,0.27929060187124705
1.0,0.27932960893854747
1.0,0.27936862690319875
1.0,0.2794076557697681
1.0,0.2794466955428252
1.0,0.27948574622694244
1.0,0.27952480782669464
1.0,0.2795638803466592
1.0,0.2796029637914162
1.0,0.2796420581655481
1.0,0.27968116347364
1.0,0.27972027972027974
1.0,0.27975940691005735
1.0,0.27979854504756574
1.0,0.2798376941374003
1.0,0.279876854184159
1.0,0.27991602519244224
1.0,0.2799552071668533
1.0,0.2799944001119978
1.0,0.2800336040324839
1.0,0.2800728189329226
1.0,0.2801120448179272
1.0,0.28015128169211373
1.0,0.2801905295601009
1.0,0.28022978842650975
1.0,0.2802690582959641
1.0,0.2803083391730904
1.0,0.28034763106251753
1.0,0.28038693396887704
1.0,0.28042624789680315
1.0,0.28046557285093254
1.0,0.2805049088359046
1.0,0.28054425585636134
1.0,0.28058361391694725
1.0,0.28062298302230954
1.0,0.280662363177098
1.0,0.2807017543859649
1.0,0.2807411566535654
1.0,0.2807805699845571
1.0,0.2808199943836001
1.0,0.2808594298553574
1.0,0.2808988764044944
1.0,0.2809383340356792
1.0,0.2809778027535825
1.0,0.2810172825628776
1.0,0.2810567734682406
1.0,0.28109627547434995
1.0,0.281135788585887
1.0,0.2811753128075355
1.0,0.281214848143982
1.0,0.28125439459991564
1.0,0.2812939521800281
1.0,0.2813335208890139
1.0,0.28137310073157007
1.0,0.28141269171239625
1.0,0.28145229383619474
1.0,0.28149190710767064
1.0,0.28153153153153154
1.0,0.2815711671124877
1.0,0.28161081385525205
1.0,0.2816504717645402
1.0,0.28169014084507044
1.0,0.2817298211015636
1.0,0.2817695125387433
1.0,0.2818092151613358
1.0,0.2818489289740699
1.0,0.28188865398167723
1.0,0.28192839018889204
1.0,0.28196813760045114
1.0,0.2820078962210942
1.0,0.2820476660555634
1.0,0.2820874471086037
1.0,0.2821272393849626
1.0,0.28216704288939054
1.0,0.28220685762664033
1.0,0.2822466836014677
1.0,0.2822865208186309
1.0,0.282326369282891
1.0,0.2823662289990117
1.0,0.2824060999717594
1.0,0.2824459822059031
1.0,0.2824858757062147
1.0,0.28252578047746857
1.0,0.2825656965244419
1.0,0.2826056238519147
1.0,0.2826455624646693
1.0,0.2826855123674912
1.0,0.2827254735651682
1.0,0.28276544606249115
1.0,0.2828054298642534
1.0,0.282845424975251
1.0,0.2828854314002829
1.0,0.2829254491441505
1.0,0.2829654782116582
1.0,0.2830455703368242
1.0,0.28308563340410475
1.0,0.28312570781426954
1.0,0.2831657935721365
1.0,0.2832058906825262
1.0,0.283245999150262
1.0,0.28328611898017
1.0,0.2833262501770789
1.0,0.2833663927458204
1.0,0.28340654669122856
1.0,0.2834467120181406
1.0,0.28348688873139616
1.0,0.28352707683583783
1.0,0.2835672763363108
1.0,0.28360748723766305
1.0,0.28364770954474544
1.0,0.28368794326241137
1.0,0.2837281883955171
1.0,0.28376844494892167
1.0,0.2838087129274869
1.0,0.2838489923360772
1.0,0.28388928317955997
1.0,0.2839295854628052
1.0,0.28396989919068577
1.0,0.28401022436807727
1.0,0.284050560999858
1.0,0.2840909090909091
1.0,0.2841312686461145
1.0,0.2841716396703609
1.0,0.28421202216853775
1.0,0.28425241614553726
1.0,0.28429282160625446
1.0,0.2843332385555872
1.0,0.28437366699843597
1.0,0.2844141069397042
1.0,0.2844545583842981
1.0,0.2844950213371266
1.0,0.28453549580310145
1.0,0.28457598178713717
1.0,0.2846164792941511
1.0,0.2846569883290635
1.0,0.2846975088967972
1.0,0.2847380410022779
1.0,0.28477858465043426
1.0,0.28481913984619767
1.0,0.2848597065945022
1.0,0.2849002849002849
1.0,0.28494087476848556
1.0,0.28498147620404674
1.0,0.2850220892119139
1.0,0.28506271379703535
1.0,0.2851033499643621
1.0,0.285143997718848
1.0,0.2851846570654499
1.0,0.2852253280091272
1.0,0.2852660105548424
1.0,0.28530670470756064
1.0,0.28534741047225
1.0,0.2853881278538813
1.0,0.2854288568574283
1.0,0.28546959748786754
1.0,0.28551034975017847
1.0,0.2855511136493432
1.0,0.285591889190347
1.0,0.2856326763781777
1.0,0.28567347521782605
1.0,0.2857142857142857
1.0,0.2857551078725532
1.0,0.2857959416976279
1.0,0.28583678719451194
1.0,0.2858776443682104
1.0,0.28591851322373124
1.0,0.2859593937660852
1.0,0.286000286000286
1.0,0.28604118993135014
1.0,0.286082105564297
1.0,0.2861230329041488
1.0,0.28616397195593074
1.0,0.28620492272467085
1.0,0.2862458852154
1.0,0.286286859433152
1.0,0.2863278453829635
1.0,0.286368843069874
1.0,0.286409852498926
1.0,0.2864508736751647
1.0,0.28649190660363844
1.0,0.28653295128939826
1.0,0.2865740077374982
1.0,0.2866150759529951
1.0,0.28665615594094884
1.0,0.286697247706422
1.0,0.2867383512544803
1.0,0.28677946659019216
1.0,0.286820593718629
1.0,0.2868617326448652
1.0,0.2869028833739779
1.0,0.28694404591104733
1.0,0.2869852202611565
1.0,0.2870264064293915
1.0,0.2870676044208411
1.0,0.2871088142405972
1.0,0.2871500358937545
1.0,0.2871912693854107
1.0,0.28723251472066635
1.0,0.2872737719046251
1.0,0.28731504094239335
1.0,0.28735632183908044
1.0,0.28739761459979885
1.0,0.2874389192296637
1.0,0.2874802357337933
1.0,0.2875215641173088
1.0,0.2875629043853343
1.0,0.2876042565429968
1.0,0.2876456205954264
1.0,0.28768699654775604
1.0,0.28772838440512155
1.0,0.28776978417266186
1.0,0.2878111958555188
1.0,0.28785261945883706
1.0,0.2878940549877645
1.0,0.28793550244745175
1.0,0.28797696184305255
1.0,0.2880184331797235
1.0,0.28805991646262424
1.0,0.28810141169691733
1.0,0.28814291888776833
1.0,0.2881844380403458
1.0,0.2882259691598213
1.0,0.28826751225136926
1.0,0.2883090673201672
1.0,0.28835063437139563
1.0,0.2883922134102379
1.0,0.2884338044418806
1.0,0.28847540747151307
1.0,0.28851702250432776
1.0,0.28855864954552013
1.0,0.2886002886002886
1.0,0.2886419396738346
1.0,0.28868360277136257
1.0,0.28872527789808
1.0,0.28876696505919724
1.0,0.2888086642599278
1.0,0.28885037550548814
1.0,0.2888920988010978
1.0,0.2889338341519792
1.0,0.2889755815633579
1.0,0.28901734104046245
1.0,0.28905911258852435
1.0,0.28910089621277824
1.0,0.28914269191846176
1.0,0.2891844997108155
1.0,0.28922631959508316
1.0,0.2892681515765114
1.0,0.28930999566035004
1.0,0.28935185185185186
1.0,0.2893937201562726
1.0,0.2894356005788712
1.0,0.28947749312490956
1.0,0.2895193977996526
1.0,0.2895613146083683
1.0,0.2896032435563278
1.0,0.28964518464880523
1.0,0.28968713789107764
1.0,0.2897291032884253
1.0,0.28977108084613157
1.0,0.2898130705694827
1.0,0.2898550724637681
1.0,0.2898970865342803
1.0,0.2899391127863149
1.0,0.2899811512251704
1.0,0.2900232018561485
1.0,0.290065264684554
1.0,0.2901073397156948
1.0,0.2901494269548818
1.0,0.2901915264074289
1.0,0.2902336380786533
1.0,0.29027576197387517
1.0,0.2903178980984178
1.0,0.29036004645760743
1.0,0.2904022070567736
1.0,0.2904443799012489
1.0,0.29048656499636893
1.0,0.2905287623474724
1.0,0.2905709719599012
1.0,0.2906131938390003
1.0,0.29065542799011773
1.0,0.29069767441860467
1.0,0.2907399331298154
1.0,0.2907822041291073
1.0,0.2908244874218409
1.0,0.29086678301337987
1.0,0.2909090909090909
1.0,0.2909514111143439
1.0,0.29099374363451186
1.0,0.2910360884749709
1.0,0.2910784456411003
1.0,0.29112081513828236
1.0,0.29116319697190274
1.0,0.29120559114735
1.0,0.291247997670016
1.0,0.29129041654529564
1.0,0.29133284777858703
1.0,0.2913752913752914
1.0,0.29141774734081305
1.0,0.29146021568055963
1.0,0.2915026963999417
1.0,0.2915451895043732
1.0,0.291587694999271
1.0,0.2916302128900554
1.0,0.29167274318214964
1.0,0.29171528588098017
1.0,0.29175784099197666
1.0,0.29180040852057193
1.0,0.29184298847220197
1.0,0.29188558085230587
1.0,0.29192818566632606
1.0,0.291970802919708
1.0,0.2920134326179004
1.0,0.29205607476635514
1.0,0.2920987293705272
1.0,0.29214139643587494
1.0,0.2921840759678597
1.0,0.29222676797194624
1.0,0.29226947245360224
1.0,0.29231218941829873
1.0,0.29235491887151
1.0,0.29239766081871343
1.0,0.29244041526538966
1.0,0.2924831822170225
1.0,0.292525961679099
1.0,0.29256875365710944
1.0,0.29261155815654716
1.0,0.292654375182909
1.0,0.2926972047416947
1.0,0.2927400468384075
1.0,0.2927829014785536
1.0,0.29282576866764276
1.0,0.2928686484111876
1.0,0.29291154071470415
1.0,0.29295444558371175
1.0,0.2929973630237328
1.0,0.29304029304029305
1.0,0.29308323563892147
1.0,0.29312619082515023
1.0,0.2931691586045148
1.0,0.2932121389825539
1.0,0.2932551319648094
1.0,0.2932981375568265
1.0,0.2933411557641537
1.0,0.29338418659234267
1.0,0.2934272300469484
1.0,0.293470286133529
1.0,0.293513354857646
1.0,0.2935564362248642
1.0,0.29359953024075164
1.0,0.29364263691087944
1.0,0.2936857562408223
1.0,0.293728888236158
1.0,0.2937720329024677
1.0,0.2938151902453357
1.0,0.29385836027034967
1.0,0.29390154298310067
1.0,0.29394473838918284
1.0,0.29398794649419374
1.0,0.2940311673037342
1.0,0.2940744008234083
1.0,0.29411764705882354
1.0,0.29416090601559053
1.0,0.29420417769932333
1.0,0.29424746211563924
1.0,0.2942907592701589
1.0,0.29433406916850624
1.0,0.2943773918163085
1.0,0.2944207272191962
1.0,0.2944640753828033
1.0,0.2945074363127669
1.0,0.29455081001472755
1.0,0.29459419649432905
1.0,0.2946375957572186
1.0,0.2946810078090467
1.0,0.29472443265546716
1.0,0.2947678703021371
1.0,0.294811320754717
1.0,0.2948547840188707
1.0,0.29489826010026543
1.0,0.2949417490045716
1.0,0.2949852507374631
1.0,0.2950287653046172
1.0,0.29507229271171437
1.0,0.29511583296443855
1.0,0.29515938606847697
1.0,0.2952029520295203
1.0,0.29524653085326247
1.0,0.2952901225454009
1.0,0.29533372711163614
1.0,0.29537734455767245
1.0,0.29542097488921715
1.0,0.2954646181119811
1.0,0.29550827423167847
1.0,0.2955519432540269
1.0,0.29559562518474725
1.0,0.29563932002956395
1.0,0.29568302779420463
1.0,0.2957267484844004
1.0,0.29577048210588586
1.0,0.29581422866439877
1.0,0.2958579881656805
1.0,0.2959017606154757
1.0,0.2959455460195324
1.0,0.2959893443836022
1.0,0.2960331557134399
1.0,0.29607698001480387
1.0,0.29612081729345574
1.0,0.2961646675551607
1.0,0.2962085308056872
1.0,0.2962524070508073
1.0,0.2962962962962963
1.0,0.29634019854793303
1.0,0.2963841138114997
1.0,0.29642804209278195
1.0,0.2964719833975689
1.0,0.2965159377316531
1.0,0.29655990510083036
1.0,0.29660388551090017
1.0,0.29664787896766537
1.0,0.2966918854769322
1.0,0.29673590504451036
1.0,0.2967799376762131
1.0,0.2968239833778569
1.0,0.29686804215526197
1.0,0.29691211401425177
1.0,0.2969561989606533
1.0,0.297000297000297
1.0,0.2970444081390168
1.0,0.29708853238265004
1.0,0.2971326697370376
1.0,0.2971768202080238
1.0,0.2972209838014564
1.0,0.2972651605231867
1.0,0.2973093503790694
1.0,0.29735355337496283
1.0,0.29739776951672864
1.0,0.297441998810232
1.0,0.29748624126134166
1.0,0.2975304968759298
1.0,0.29757476565987206
1.0,0.2976190476190476
1.0,0.2976633427593392
1.0,0.29770765108663294
1.0,0.2977519726068185
1.0,0.29779630732578916
1.0,0.29784065524944153
1.0,0.2978850163836759
1.0,0.29792939073439595
1.0,0.29797377830750893
1.0,0.29801817910892564
1.0,0.29806259314456035
1.0,0.2981070204203309
1.0,0.2981514609421586
1.0,0.2981959147159684
1.0,0.29824038174768863
1.0,0.29828486204325133
1.0,0.29832935560859186
1.0,0.2983738624496494
1.0,0.29841838257236647
1.0,0.29846291598268915
1.0,0.29850746268656714
1.0,0.29855202268995373
1.0,0.2985965959988056
1.0,0.2986411826190832
1.0,0.2986857825567503
1.0,0.29873039581777444
1.0,0.2987750224081267
1.0,0.29881966233378154
1.0,0.2988643156007173
1.0,0.2989089822149156
1.0,0.29895366218236175
1.0,0.2989983555090447
1.0,0.29904306220095694
1.0,0.2990877822640945
1.0,0.2991325157044571
1.0,0.2991772625280479
1.0,0.2992220227408737
1.0,0.2992667963489451
1.0,0.29931158335827596
1.0,0.299356383774884
1.0,0.2994011976047904
1.0,0.29944602485402005
1.0,0.2994908655286014
1.0,0.29953571963456643
1.0,0.2995805871779509
1.0,0.299625468164794
1.0,0.2996703626011388
1.0,0.2997152704930316
1.0,0.2997601918465228
1.0,0.299805126667666
1.0,0.29985007496251875
1.0,0.299895036737142
1.0,0.29994001199760045
1.0,0.2999850007499625
1.0,0.3000300030003
1.0,0.30007501875468867
1.0,0.30012004801920766
1.0,0.30016509079993997
1.0,0.30021014710297206
1.0,0.3002552169343942
1.0,0.3003003003003003
1.0,0.3003453972067878
1.0,0.30039050765995795
1.0,0.3004356316659156
1.0,0.3004807692307692
1.0,0.3005259203606311
1.0,0.30057108506161706
1.0,0.3006162633398467
1.0,0.30066145520144316
1.0,0.30070666065253343
1.0,0.3007518796992481
1.0,0.30079711234772144
1.0,0.3008423586040915
1.0,0.3008876184744998
1.0,0.30093289196509176
1.0,0.3009781790820166
1.0,0.30102347983142685
1.0,0.30106879421947913
1.0,0.30111412225233364
1.0,0.30115946393615417
1.0,0.30120481927710846
1.0,0.3012501882813677
1.0,0.30129557095510695
1.0,0.30134096730450505
1.0,0.3013863773357444
1.0,0.30143180105501133
1.0,0.3014772384684956
1.0,0.3015226895823911
1.0,0.30156815440289503
1.0,0.30161363293620874
1.0,0.30165912518853694
1.0,0.3017046311660884
1.0,0.30175015087507545
1.0,0.3017956843217142
1.0,0.3018412315122246
1.0,0.3018867924528302
1.0,0.30193236714975846
1.0,0.3019779556092405
1.0,0.30202355783751134
1.0,0.30206917384080956
1.0,0.3021148036253776
1.0,0.3021604471974619
1.0,0.3022061045633122
1.0,0.3022517757291824
1.0,0.3022974607013301
1.0,0.30234315948601664
1.0,0.3023888720895071
1.0,0.3024345985180705
1.0,0.3024803387779794
1.0,0.3025260928755105
1.0,0.30257186081694404
1.0,0.30261764260856405
1.0,0.3026634382566586
1.0,0.3027092477675193
1.0,0.3027550711474417
1.0,0.3028009084027252
1.0,0.30284675953967294
1.0,0.3028926245645919
1.0,0.3029385034837928
1.0,0.30298439630359036
1.0,0.30303030303030304
1.0,0.30307622367025305
1.0,0.30312215822976657
1.0,0.3031681067151736
1.0,0.30321406913280774
1.0,0.3032600454890068
1.0,0.3033060357901122
1.0,0.3033520400424693
1.0,0.30339805825242716
1.0,0.30344409042633896
1.0,0.30349013657056145
1.0,0.30353619669145543
1.0,0.3035822707953855
1.0,0.3036283588887202
1.0,0.30367446097783174
1.0,0.30372057706909644
1.0,0.3037667071688943
1.0,0.3038128512836093
1.0,0.3038590094196293
1.0,0.303905181583346
1.0,0.303951367781155
1.0,0.3039975680194558
1.0,0.30404378230465184
1.0,0.3040900106431504
1.0,0.30413625304136255
1.0,0.3041825095057034
1.0,0.304228780042592
1.0,0.3042750646584512
1.0,0.30432136335970783
1.0,0.3043676761527926
1.0,0.30441400304414
1.0,0.3044603440401888
1.0,0.30450669914738127
1.0,0.30455306837216384
1.0,0.3045994517209869
1.0,0.30464584920030463
1.0,0.30469226081657524
1.0,0.30473868657626085
1.0,0.3047851264858275
1.0,0.30483158055174514
1.0,0.3048780487804878
1.0,0.3049245311785333
1.0,0.3049710277523635
1.0,0.30501753850846425
1.0,0.3050640634533252
1.0,0.30511060259344014
1.0,0.3051571559353067
1.0,0.3052037234854265
1.0,0.3052503052503053
1.0,0.3052969012364524
1.0,0.3053435114503817
1.0,0.30539013589861047
1.0,0.30543677458766033
1.0,0.3054834275240568
1.0,0.30553009471432935
1.0,0.30557677616501144
1.0,0.3056234718826406
1.0,0.3056701818737582
1.0,0.3057169061449098
1.0,0.30576364470264483
1.0,0.3058103975535168
1.0,0.3058571647040832
1.0,0.3059039461609055
1.0,0.30595074193054916
1.0,0.30599755201958384
1.0,0.306044376434583
1.0,0.3060912151821243
1.0,0.3061380682687892
1.0,0.3061849357011635
1.0,0.3062318174858368
1.0,0.30627871362940273
1.0,0.3063256241384592
1.0,0.30637254901960786
1.0,0.3064194882794546
1.0,0.30646644192460926
1.0,0.3065134099616858
1.0,0.30656039239730226
1.0,0.3066073892380806
1.0,0.306654400490647
1.0,0.30670142616163165
1.0,0.3067484662576687
1.0,0.3067955207853965
1.0,0.3068425897514575
1.0,0.3068896731624981
1.0,0.3069367710251688
1.0,0.3069838833461243
1.0,0.30703101013202333
1.0,0.30707815138952865
1.0,0.3071253071253071
1.0,0.3071724773460298
1.0,0.30721966205837176
1.0,0.30726686126901215
1.0,0.3073140749846343
1.0,0.3073613032119256
1.0,0.3074085459575776
1.0,0.3074558032282859
1.0,0.3075030750307503
1.0,0.30755036137167463
1.0,0.30759766225776686
1.0,0.3076449776957391
1.0,0.3076923076923077
1.0,0.307739652254193
1.0,0.3077870113881194
1.0,0.3078343851008158
1.0,0.3078817733990148
1.0,0.30792917628945343
1.0,0.3079765937788728
1.0,0.30802402587401817
1.0,0.3080714725816389
1.0,0.30811893390848866
1.0,0.3081664098613251
1.0,0.30821390044691016
1.0,0.3082614056720099
1.0,0.3083089255433945
1.0,0.3083564600678384
1.0,0.3084040092521203
1.0,0.30845157310302285
1.0,0.30849915162733305
1.0,0.308546744831842
1.0,0.3085943527233452
1.0,0.30864197530864196
1.0,0.3086896125945362
1.0,0.30873726458783574
1.0,0.3087849312953528
1.0,0.30883261272390367
1.0,0.3088803088803089
1.0,0.3089280197713933
1.0,0.3089757454039858
1.0,0.30902348578491967
1.0,0.3090712409210323
1.0,0.3091190108191654
1.0,0.30916679548616477
1.0,0.30921459492888065
1.0,0.3092624091541673
1.0,0.30931023816888337
1.0,0.30935808197989173
1.0,0.3094059405940594
1.0,0.3094538140182578
1.0,0.3095017022593624
1.0,0.3095496053242532
1.0,0.30959752321981426
1.0,0.3096454559529339
1.0,0.3096934035305048
1.0,0.30974136595942386
1.0,0.3097893432465923
1.0,0.30983733539891556
1.0,0.3098853424233034
1.0,0.3099333643266698
1.0,0.30998140111593303
1.0,0.3100294527980158
1.0,0.31007751937984496
1.0,0.31012560086835167
1.0,0.31017369727047145
1.0,0.3102218085931441
1.0,0.31026993484331367
1.0,0.3103180760279286
1.0,0.31036623215394166
1.0,0.3104144032283098
1.0,0.3104625892579944
1.0,0.3105107902499612
1.0,0.3105590062111801
1.0,0.31060723714862554
1.0,0.31065548306927615
1.0,0.31070374398011497
1.0,0.3107520198881293
1.0,0.3108003108003108
1.0,0.3108486167236556
1.0,0.310896937665164
1.0,0.31094527363184077
1.0,0.3109936246306951
1.0,0.3110419906687403
1.0,0.31109037175299425
1.0,0.3111387678904792
1.0,0.3111871790882216
1.0,0.3112356053532524
1.0,0.311284046692607
1.0,0.31133250311332505
1.0,0.31138097462245057
1.0,0.3114294612270321
1.0,0.3114779629341224
1.0,0.3115264797507788
1.0,0.31157501168406293
1.0,0.3116235587410408
1.0,0.31167212092878294
1.0,0.3117206982543641
1.0,0.3117692907248636
1.0,0.3118178983473651
1.0,0.3118665211289568
1.0,0.3119151590767311
1.0,0.3119638121977851
1.0,0.31201248049922
1.0,0.31206116398814165
1.0,0.3121098626716604
1.0,0.3121585765568909
1.0,0.3122073056509522
1.0,0.312256049960968
1.0,0.3123048094940662
1.0,0.31235358425737936
1.0,0.31240237425804435
1.0,0.3124511795032026
1.0,0.3125
1.0,0.3125488357555868
1.0,0.31259768677711786
1.0,0.3126465530717524
1.0,0.31269543464665417
1.0,0.3127443315089914
1.0,0.3127932436659368
1.0,0.3128421711246676
1.0,0.31289111389236546
1.0,0.31294007197621654
1.0,0.3129890453834116
1.0,0.3130380341211457
1.0,0.31308703819661865
1.0,0.3131360576170346
1.0,0.31318509238960224
1.0,0.31323414252153486
1.0,0.3132832080200501
1.0,0.31333228889237036
1.0,0.31338138514572234
1.0,0.3134304967873374
1.0,0.31347962382445144
1.0,0.31352876626430476
1.0,0.31357792411414237
1.0,0.31362709738121375
1.0,0.3136762860727729
1.0,0.3137254901960784
1.0,0.3137747097583935
1.0,0.3138239447669857
1.0,0.31387319522912743
1.0,0.31392246115209543
1.0,0.3139717425431711
1.0,0.31402103940964043
1.0,0.314070351758794
1.0,0.3141196795979268
1.0,0.3141690229343387
1.0,0.31421838177533384
1.0,0.3142677561282212
1.0,0.3143171460003143
1.0,0.31436655139893116
1.0,0.31441597233139446
1.0,0.31446540880503143
1.0,0.31451486082717406
1.0,0.31456432840515886
1.0,0.3146138115463269
1.0,0.3146633102580239
1.0,0.3147128245476003
1.0,0.3147623544224111
1.0,0.31481189988981584
1.0,0.3148614609571788
1.0,0.314911037631869
1.0,0.31496062992125984
1.0,0.3150102378327296
1.0,0.315059861373661
1.0,0.3151095005514416
1.0,0.3151591553734636
1.0,0.31520882584712373
1.0,0.31525851197982346
1.0,0.31530821377896895
1.0,0.315357931251971
1.0,0.31540766440624507
1.0,0.31545741324921134
1.0,0.3155071777882947
1.0,0.3155569580309246
1.0,0.31560675398453525
1.0,0.31565656565656564
1.0,0.31570639305445936
1.0,0.3157562361856647
1.0,0.31580609505763463
1.0,0.3158559696778269
1.0,0.31590586005370397
1.0,0.315955766192733
1.0,0.31600568810238583
1.0,0.31605562579013907
1.0,0.316105579263474
1.0,0.3161555485298767
1.0,0.31620553359683795
1.0,0.3162555344718533
1.0,0.3163055511624229
1.0,0.3163555836760519
1.0,0.31640563202024996
1.0,0.31645569620253167
1.0,0.3165057762304162
1.0,0.31655587211142766
1.0,0.3166059838530948
1.0,0.31665611146295125
1.0,0.3167062549485352
1.0,0.31675641431738993
1.0,0.3168065895770632
1.0,0.31685678073510776
1.0,0.316906987799081
1.0,0.31695721077654515
1.0,0.3170074496750674
1.0,0.31705770450221943
1.0,0.31710797526557793
1.0,0.3171582619727244
1.0,0.317208564631245
1.0,0.31725888324873097
1.0,0.31730921783277805
1.0,0.317359568390987
1.0,0.31740993493096337
1.0,0.31746031746031744
1.0,0.3175107159866645
1.0,0.31756113051762463
1.0,0.3176115610608226
1.0,0.3176620076238882
1.0,0.3177124702144559
1.0,0.31776294884016526
1.0,0.3178134435086604
1.0,0.3178639542275906
1.0,0.3179144810046098
1.0,0.3179650238473768
1.0,0.3180155827635554
1.0,0.31806615776081426
1.0,0.3181167488468268
1.0,0.3181673560292714
1.0,0.31821797931583135
1.0,0.31826861871419476
1.0,0.31831927423205475
1.0,0.3183699458771092
1.0,0.31842063365706097
1.0,0.3184713375796178
1.0,0.3185220576524924
1.0,0.31857279388340237
1.0,0.3186235462800701
1.0,0.3186743148502231
1.0,0.3187250996015936
1.0,0.318775900541919
1.0,0.3188267176789415
1.0,0.31887755102040816
1.0,0.3189284005740711
1.0,0.3189792663476874
1.0,0.319030148349019
1.0,0.3190810465858328
1.0,0.31913196106590075
1.0,0.31918289179699966
1.0,0.3192338387869114
1.0,0.31928480204342274
1.0,0.3193357815743254
1.0,0.31938677738741617
1.0,0.3194377894904967
1.0,0.3194888178913738
1.0,0.3195398625978591
1.0,0.31959092361776925
1.0,0.319642000958926
1.0,0.319693094629156
1.0,0.31974420463629094
1.0,0.3197953309881676
1.0,0.31984647369262753
1.0,0.3198976327575176
1.0,0.3199488081906895
1.0,0.32
1.0,0.32005120819331095
1.0,0.3201024327784891
1.0,0.3201536737634064
1.0,0.3202049311559398
1.0,0.32025620496397117
1.0,0.3203074951953876
1.0,0.3203588018580811
1.0,0.32041012495994875
1.0,0.3204614645088928
1.0,0.32051282051282054
1.0,0.32056419297964417
1.0,0.3206155819172812
1.0,0.320666987333654
1.0,0.3207184092366902
1.0,0.32076984763432237
1.0,0.3208213025344883
1.0,0.32087277394513075
1.0,0.3209242618741977
1.0,0.3209757663296421
1.0,0.32102728731942215
1.0,0.321078824851501
1.0,0.32113037893384716
1.0,0.3211819495744339
1.0,0.32123353678123995
1.0,0.321285140562249
1.0,0.3213367609254499
1.0,0.32138839787883655
1.0,0.3214400514304082
1.0,0.3214917215881691
1.0,0.3215434083601286
1.0,0.32159511175430133
1.0,0.32164683177870695
1.0,0.32169856844137046
1.0,0.32175032175032175
1.0,0.32180209171359614
1.0,0.321853878339234
1.0,0.3219056816352809
1.0,0.32195750160978753
1.0,0.32200933827080985
1.0,0.322061191626409
1.0,0.3221130616846513
1.0,0.32216494845360827
1.0,0.3222168519413565
1.0,0.3222687721559781
1.0,0.32232070910556004
1.0,0.3223726627981947
1.0,0.3224246332419797
1.0,0.32247662044501774
1.0,0.32252862441541685
1.0,0.3225806451612903
1.0,0.32263268269075657
1.0,0.32268473701193934
1.0,0.32273680813296757
1.0,0.32278889606197547
1.0,0.3228410008071025
1.0,0.32289312237649337
1.0,0.3229452607782981
1.0,0.32299741602067183
1.0,0.32304958811177514
1.0,0.32310177705977383
1.0,0.3231539828728389
1.0,0.32320620555914675
1.0,0.32325844512687896
1.0,0.3233107015842224
1.0,0.32336297493936944
1.0,0.32341526520051744
1.0,0.3234675723758693
1.0,0.3235198964736331
1.0,0.32357223750202235
1.0,0.32362459546925565
1.0,0.3236769703835572
1.0,0.32372936225315635
1.0,0.32378177108628786
1.0,0.3238341968911917
1.0,0.32388663967611336
1.0,0.32393909944930355
1.0,0.3239915762190183
1.0,0.32404406999351915
1.0,0.3240965807810728
1.0,0.3241491085899514
1.0,0.3242016534284325
1.0,0.324254215304799
1.0,0.32430679422733905
1.0,0.3243593902043464
1.0,0.32441200324412
1.0,0.3244646333549643
1.0,0.324517280545189
1.0,0.32456994482310936
1.0,0.32462262619704596
1.0,0.3246753246753247
1.0,0.324728040266277
1.0,0.3247807729782397
1.0,0.32483352281955497
1.0,0.3248862897985705
1.0,0.3249390739236393
1.0,0.3249918752031199
1.0,0.32504469364537625
1.0,0.3250975292587776
1.0,0.32515038205169894
1.0,0.3252032520325203
1.0,0.3252561392096276
1.0,0.32530904359141183
1.0,0.32536196518626975
1.0,0.3254149040026033
1.0,0.32546786004882017
1.0,0.3255208333333333
1.0,0.3255738238645613
1.0,0.32562683165092804
1.0,0.325679856700863
1.0,0.3257328990228013
1.0,0.3257859586251833
1.0,0.3258390355164549
1.0,0.32589212970506765
1.0,0.3259452411994785
1.0,0.32599837000814996
1.0,0.32605151613955
1.0,0.3261046796021523
1.0,0.32615786040443573
1.0,0.326211058554885
1.0,0.3262642740619902
1.0,0.32631750693424705
1.0,0.3263707571801567
1.0,0.3264240248082259
1.0,0.32647730982696704
1.0,0.32653061224489793
1.0,0.32658393207054215
1.0,0.32663726931242854
1.0,0.3266906239790918
1.0,0.32674399607907206
1.0,0.32679738562091504
1.0,0.32685079261317207
1.0,0.32690421706440015
1.0,0.3269576589831617
1.0,0.3270111183780249
1.0,0.3270645952575634
1.0,0.32711808963035655
1.0,0.32717160150498936
1.0,0.32722513089005234
1.0,0.3272786777941417
1.0,0.32733224222585927
1.0,0.3273858241938124
1.0,0.3274394237066143
1.0,0.3274930407728836
1.0,0.32754667540124466
1.0,0.3276003276003276
1.0,0.32765399737876805
1.0,0.3277076847452073
1.0,0.3277613897082924
1.0,0.327815112276676
1.0,0.32786885245901637
1.0,0.3279226102639777
1.0,0.3279763857002296
1.0,0.3280301787764474
1.0,0.32808398950131235
1.0,0.3281378178835111
1.0,0.32819166393173616
1.0,0.32824552765468573
1.0,0.3282994090610637
1.0,0.3283533081595797
1.0,0.3284072249589491
1.0,0.32846115946789295
1.0,0.328515111695138
1.0,0.3285690816494168
1.0,0.3286230693394676
1.0,0.3286770747740345
1.0,0.32873109796186717
1.0,0.3287851389117212
1.0,0.3288391976323578
1.0,0.328893274132544
1.0,0.32894736842105265
1.0,0.3290014805066623
1.0,0.3290556103981573
1.0,0.3291097581043278
1.0,0.32916392363396973
1.0,0.3292181069958848
1.0,0.3292723081988805
1.0,0.32932652725177014
1.0,0.32938076416337286
1.0,0.3294350189425136
1.0,0.32948929159802304
1.0,0.32954358213873786
1.0,0.3295978905735003
1.0,0.3296522169111587
1.0,0.32970656116056707
1.0,0.3297609233305853
1.0,0.32981530343007914
1.0,0.32986970146792016
1.0,0.32992411745298583
1.0,0.3299785513941594
1.0,0.33003300330033003
1.0,0.3300874731803928
1.0,0.3301419610432486
1.0,0.3301964668978042
1.0,0.33025099075297226
1.0,0.33030553261767137
1.0,0.3303600925008259
1.0,0.33041467041136624
1.0,0.3304692663582287
1.0,0.3305238803503553
1.0,0.3305785123966942
1.0,0.3306331625061994
1.0,0.3306878306878307
1.0,0.330742516950554
1.0,0.33079722130334105
1.0,0.3308519437551696
1.0,0.3309066843150232
1.0,0.33096144299189145
1.0,0.3310162197947699
1.0,0.33107101473266015
1.0,0.33112582781456956
1.0,0.3311806590495115
1.0,0.33123550844650546
1.0,0.3312903760145768
1.0,0.3313452617627568
1.0,0.33140016570008285
1.0,0.3314550878355983
1.0,0.3315100281783524
1.0,0.33156498673740054
1.0,0.331619963521804
1.0,0.33167495854063017
1.0,0.3317299718029524
1.0,0.33178500331785005
1.0,0.3318400530944085
1.0,0.3318951211417192
1.0,0.33195020746887965
1.0,0.33200531208499334
1.0,0.3320604349991699
1.0,0.33211557622052473
1.0,0.3321707357581797
1.0,0.33222591362126247
1.0,0.3322811098189068
1.0,0.33233632436025257
1.0,0.33239155725444575
1.0,0.3324468085106383
1.0,0.3325020781379884
1.0,0.3325573661456601
1.0,0.3326126725428239
1.0,0.33266799733865604
1.0,0.33272334054233904
1.0,0.33277870216306155
1.0,0.3328340822100183
1.0,0.33288948069241014
1.0,0.33294489761944396
1.0,0.333000333000333
1.0,0.33305578684429643
1.0,0.3331112591605596
1.0,0.33316674995835416
1.0,0.3332222592469177
1.0,0.3332777870354941
1.0,0.3333333333333333
1.0,0.33338889814969164
1.0,0.33344448149383127
1.0,0.33350008337502085
1.0,0.333555703802535
1.0,0.3336113427856547
1.0,0.333667000333667
1.0,0.3337226764558652
1.0,0.33377837116154874
1.0,0.3338340844600234
1.0,0.333889816360601
1.0,0.33394556687259974
1.0,0.33400133600534404
1.0,0.3340571237681644
1.0,0.3341129301703976
1.0,0.3341687552213868
1.0,0.3342245989304813
1.0,0.3342804613070366
1.0,0.3343363423604146
1.0,0.3343922420999833
1.0,0.33444816053511706
1.0,0.3345040976751965
1.0,0.33456005352960855
1.0,0.3346160281077464
1.0,0.33467202141900937
1.0,0.33472803347280333
1.0,0.33478406427854035
1.0,0.3348401138456387
1.0,0.33489618218352313
1.0,0.33495226930162453
1.0,0.33500837520938026
1.0,0.3350644999162339
1.0,0.3351206434316354
1.0,0.33517680576504105
1.0,0.3352329869259135
1.0,0.3352891869237217
1.0,0.335345405767941
1.0,0.335401643468053
1.0,0.3354579000335458
1.0,0.33551417547391377
1.0,0.33557046979865773
1.0,0.33562678301728477
1.0,0.3356831151393085
1.0,0.33573946617424877
1.0,0.33579583613163194
1.0,0.33585222502099077
1.0,0.3359086328518643
1.0,0.3359650596337981
1.0,0.33602150537634407
1.0,0.33607797008906065
1.0,0.33613445378151263
1.0,0.33619095646327113
1.0,0.3362474781439139
1.0,0.3363040188330251
1.0,0.3363605785401951
1.0,0.33641715727502103
1.0,0.3364737550471063
1.0,0.3365303718660609
1.0,0.3365870077415012
1.0,0.33664366268305
1.0,0.3367003367003367
1.0,0.33675702980299715
1.0,0.33681374200067365
1.0,0.336870473303015
1.0,0.33692722371967654
1.0,0.33698399326032014
1.0,0.33704078193461406
1.0,0.33709758975223325
1.0,0.33715441672285906
1.0,0.3372112628561794
1.0,0.3372681281618887
1.0,0.33732501264968795
1.0,0.33738191632928477
1.0,0.33743883921039314
1.0,0.3374957813027337
1.0,0.33755274261603374
1.0,0.337609723160027
1.0,0.3376667229444538
1.0,0.33772374197906113
1.0,0.3377807802736024
1.0,0.33783783783783783
1.0,0.33789491468153404
1.0,0.33795201081446435
1.0,0.33800912624640866
1.0,0.3380662609871535
1.0,0.33812341504649196
1.0,0.3381805884342239
1.0,0.33823778116015557
1.0,0.3382949932341001
1.0,0.33835222466587717
1.0,0.338409475465313
1.0,0.33846674564224066
1.0,0.33852403520649965
1.0,0.33858134416793634
1.0,0.3386386725364037
1.0,0.3386960203217612
1.0,0.33875338753387535
1.0,0.338810774182619
1.0,0.3388681802778719
1.0,0.3389256058295204
1.0,0.3389830508474576
1.0,0.3390405153415833
1.0,0.339097999321804
1.0,0.3391555027980329
1.0,0.33921302578018997
1.0,0.33927056827820185
1.0,0.33932813030200204
1.0,0.3393857118615306
1.0,0.3394433129667346
1.0,0.3395009336275675
1.0,0.3395585738539898
1.0,0.33961623365596877
1.0,0.33967391304347827
1.0,0.33973161202649904
1.0,0.3397893306150187
1.0,0.33984706881903143
1.0,0.3399048266485384
1.0,0.3399626041135475
1.0,0.34002040122407345
1.0,0.3400782179901377
1.0,0.3401360544217687
1.0,0.34019391052900155
1.0,0.3402517863218782
1.0,0.3403096818104475
1.0,0.34036759700476515
1.0,0.3404255319148936
1.0,0.34048348655090227
1.0,0.34054146092286736
1.0,0.3405994550408719
1.0,0.340657468915006
1.0,0.34071550255536626
1.0,0.34077355597205655
1.0,0.34083162917518744
1.0,0.34088972217487645
1.0,0.34094783498124787
1.0,0.3410059676044331
1.0,0.34106412005457026
1.0,0.3411222923418045
1.0,0.34118048447628796
1.0,0.3412386964681795
1.0,0.3412969283276451
1.0,0.3413551800648575
1.0,0.3414134516899966
1.0,0.3414717432132491
1.0,0.34153005464480873
1.0,0.3415883859948762
1.0,0.341646737273659
1.0,0.3417051084913719
1.0,0.3417634996582365
1.0,0.34182191078448126
1.0,0.3418803418803419
1.0,0.3419387929560609
1.0,0.34199726402188785
1.0,0.34205575508807934
1.0,0.3421142661648991
1.0,0.3421727972626176
1.0,0.34223134839151265
1.0,0.3422899195618689
1.0,0.3423485107839781
1.0,0.342407122068139
1.0,0.3424657534246575
1.0,0.34252440486384655
1.0,0.34258307639602603
1.0,0.342641768031523
1.0,0.3427004797806717
1.0,0.3427592116538132
1.0,0.34281796366129585
1.0,0.34287673581347505
1.0,0.3429355281207133
1.0,0.3429943405933802
1.0,0.34305317324185247
1.0,0.343112026076514
1.0,0.34317089910775567
1.0,0.3432297923459756
1.0,0.3432887058015791
1.0,0.34334763948497854
1.0,0.3434065934065934
1.0,0.34346556757685043
1.0,0.3435245620061834
1.0,0.3435835767050335
1.0,0.3436426116838488
1.0,0.34370166695308474
1.0,0.3437607425232039
1.0,0.34381983840467595
1.0,0.343878954607978
1.0,0.34393809114359414
1.0,0.3439972480220158
1.0,0.34405642525374164
1.0,0.3441156228492774
1.0,0.34417484081913613
1.0,0.3442340791738382
1.0,0.34429333792391115
1.0,0.3443526170798898
1.0,0.3444119166523162
1.0,0.34447123665173957
1.0,0.34453057708871665
1.0,0.34458993797381116
1.0,0.34464931931759435
1.0,0.3447087211306446
1.0,0.34476814342354767
1.0,0.3448275862068966
1.0,0.3448870494912916
1.0,0.3449465332873405
1.0,0.3450060376056581
1.0,0.3450655624568668
1.0,0.3451251078515962
1.0,0.34518467380048323
1.0,0.34524426031417227
1.0,0.3453038674033149
1.0,0.34536349507857017
1.0,0.3454231433506045
1.0,0.34548281223009153
1.0,0.3455425017277125
1.0,0.34560221185415585
1.0,0.3456619426201175
1.0,0.34572169403630076
1.0,0.3457814661134163
1.0,0.34584125886218225
1.0,0.3459010722933241
1.0,0.3459609064175748
1.0,0.3460207612456747
1.0,0.3460806367883717
1.0,0.3461405330564209
1.0,0.3462004500605851
1.0,0.3462603878116344
1.0,0.3463203463203463
1.0,0.3463803255975061
1.0,0.3464403256539061
1.0,0.3465003465003465
1.0,0.34656038814763473
1.0,0.3466204506065858
1.0,0.34668053388802217
1.0,0.34674063800277394
1.0,0.3468007629616785
1.0,0.346860908775581
1.0,0.3469210754553339
1.0,0.3469812630117974
1.0,0.34704147145583897
1.0,0.3471017007983339
1.0,0.3471619510501649
1.0,0.3472222222222222
1.0,0.3472825143254037
1.0,0.3473428273706148
1.0,0.3474031613687685
1.0,0.34746351633078526
1.0,0.3475238922675934
1.0,0.3475842891901286
1.0,0.34764470710933426
1.0,0.3477051460361613
1.0,0.3477656059815684
1.0,0.34782608695652173
1.0,0.34788658897199515
1.0,0.34794711203897005
1.0,0.3480076561684357
1.0,0.3480682213713888
1.0,0.34812880765883375
1.0,0.34818941504178275
1.0,0.34825004353125544
1.0,0.34831069313827934
1.0,0.34837136387388956
1.0,0.34843205574912894
1.0,0.3484927687750479
1.0,0.34855350296270476
1.0,0.3486142583231654
1.0,0.3486750348675035
1.0,0.34873583260680036
1.0,0.3487966515521451
1.0,0.3488574917146346
1.0,0.34891835310537334
1.0,0.34897923573547374
1.0,0.34904013961605584
1.0,0.34910106475824754
1.0,0.34916201117318435
1.0,0.34922297887200976
1.0,0.34928396786587496
1.0,0.34934497816593885
1.0,0.3494060097833683
1.0,0.34946706272933775
1.0,0.3495281370150297
1.0,0.34958923265163433
1.0,0.34965034965034963
1.0,0.34971148802238156
1.0,0.3497726477789437
1.0,0.34983382893125764
1.0,0.34989503149055284
1.0,0.34995625546806647
1.0,0.35001750087504374
1.0,0.3500787677227376
1.0,0.35014005602240894
1.0,0.35020136578532657
1.0,0.3502626970227671
1.0,0.35032404974601505
1.0,0.350385423966363
1.0,0.35044681969511127
1.0,0.3505082369435682
1.0,0.35056967572305
1.0,0.3506311360448808
1.0,0.3506926179203928
1.0,0.350754121360926
1.0,0.35081564637782847
1.0,0.3508771929824561
1.0,0.350938761186173
1.0,0.351000351000351
1.0,0.35106196243637
1.0,0.351123595505618
1.0,0.35118525021949076
1.0,0.3512469265893923
1.0,0.35130862462673457
1.0,0.35137034434293746
1.0,0.3514320857494289
1.0,0.351493848857645
1.0,0.3515556336790297
1.0,0.35161744022503516
1.0,0.3516792685071215
1.0,0.35174111853675694
1.0,0.3518029903254178
1.0,0.3518648838845883
1.0,0.35192679922576103
1.0,0.3519887363604365
1.0,0.35205069530012323
1.0,0.352112676056338
1.0,0.35217467864060575
1.0,0.3522367030644593
1.0,0.35229874933943983
1.0,0.3523608174770965
1.0,0.3524229074889868
1.0,0.3524850193866761
1.0,0.35254715318173807
1.0,0.3526093088857546
1.0,0.35267148651031566
1.0,0.3527336860670194
1.0,0.3527959075674722
1.0,0.35285815102328866
1.0,0.3529204164460914
1.0,0.35298270384751146
1.0,0.353045013239188
1.0,0.3531073446327684
1.0,0.35316969803990816
1.0,0.35323207347227126
1.0,0.35329447094152977
1.0,0.35335689045936397
1.0,0.35341933203746245
1.0,0.3534817956875221
1.0,0.353544281421248
1.0,0.3536067892503536
1.0,0.3536693191865606
1.0,0.3537318712415989
1.0,0.3537944454272068
1.0,0.35385704175513094
1.0,0.3539196602371262
1.0,0.35398230088495575
1.0,0.35404496371039124
1.0,0.35410764872521244
1.0,0.3541703559412077
1.0,0.35423308537017356
1.0,0.354295837023915
1.0,0.3543586109142452
1.0,0.354421407052986
1.0,0.3544842254519674
1.0,0.35454706612302783
1.0,0.3546099290780142
1.0,0.35467281432878167
1.0,0.35473572188719404
1.0,0.3547986517651233
1.0,0.35486160397445
1.0,0.354924578527063
1.0,0.35498757543485976
1.0,0.35505059470974615
1.0,0.35511363636363635
1.0,0.3551767004084532
1.0,0.3552397868561279
1.0,0.35530289571860013
1.0,0.35536602700781805
1.0,0.3554291807357384
1.0,0.35549235691432635
1.0,0.35555555555555557
1.0,0.35561877667140823
1.0,0.35568202027387513
1.0,0.3557452863749555
1.0,0.3558085749866572
1.0,0.35587188612099646
1.0,0.3559352197899982
1.0,0.35599857600569595
1.0,0.35606195478013175
1.0,0.3561253561253561
1.0,0.3561887800534283
1.0,0.3562522265764161
1.0,0.3563156957063959
1.0,0.3563791874554526
1.0,0.3564427018356799
1.0,0.35650623885918004
1.0,0.3565697985380638
1.0,0.3566333808844508
1.0,0.35669698591046906
1.0,0.35676061362825545
1.0,0.3568242640499554
1.0,0.35688793718772305
1.0,0.35695163305372124
1.0,0.3570153516601214
1.0,0.35707909301910373
1.0,0.35714285714285715
1.0,0.3572066440435792
1.0,0.35727045373347627
1.0,0.35733428622476326
1.0,0.35739814152966404
1.0,0.3574620196604111
1.0,0.3575259206292456
1.0,0.3575898444484177
1.0,0.35765379113018597
1.0,0.3577177606868181
1.0,0.35778175313059035
1.0,0.3578457684737878
1.0,0.35790980672870437
1.0,0.35797386790764274
1.0,0.35803795202291444
1.0,0.35810205908683973
1.0,0.35816618911174786
1.0,0.35823034210997673
1.0,0.35829451809387314
1.0,0.35835871707579287
1.0,0.35842293906810035
1.0,0.35848718408316904
1.0,0.35855145213338113
1.0,0.3586157432311278
1.0,0.3586800573888092
1.0,0.35874439461883406
1.0,0.35880875493362036
1.0,0.3588731383455948
1.0,0.3589375448671931
1.0,0.3590019745108598
1.0,0.3590664272890485
1.0,0.3591309032142216
1.0,0.35919540229885055
1.0,0.35925992455541583
1.0,0.35932446999640677
1.0,0.35938903863432164
1.0,0.35945363048166784
1.0,0.35951824555096173
1.0,0.35958288385472853
1.0,0.3596475454055026
1.0,0.3597122302158273
1.0,0.3597769382982551
1.0,0.35984166966534725
1.0,0.3599064243296743
1.0,0.3599712023038157
1.0,0.36003600360036003
1.0,0.3601008282319049
1.0,0.3601656762110571
1.0,0.36023054755043227
1.0,0.36029544226265536
1.0,0.36036036036036034
1.0,0.3604253018561903
1.0,0.3604902667627974
1.0,0.360555255092843
1.0,0.36062026685899745
1.0,0.3606853020739405
1.0,0.36075036075036077
1.0,0.3608154429009562
1.0,0.36088054853843377
1.0,0.36094567767550984
1.0,0.36101083032490977
1.0,0.3610760064993681
1.0,0.36114120621162876
1.0,0.36120642947444465
1.0,0.36127167630057805
1.0,0.36133694670280037
1.0,0.3614022406938923
1.0,0.3614675582866438
1.0,0.3615328994938539
1.0,0.3615982643283312
1.0,0.3616636528028933
1.0,0.36172906493036716
1.0,0.361794500723589
1.0,0.3618599601954044
1.0,0.3619254433586681
1.0,0.36199095022624433
1.0,0.3620564808110065
1.0,0.3621220351258374
1.0,0.36218761318362913
1.0,0.3622532149972831
1.0,0.36231884057971014
1.0,0.3623844899438304
1.0,0.3624501631025734
1.0,0.36251586006887804
1.0,0.36258158085569253
1.0,0.3626473254759746
1.0,0.36271309394269136
1.0,0.36277888626881916
1.0,0.36284470246734396
1.0,0.3629105425512611
1.0,0.3629764065335753
1.0,0.3630422944273008
1.0,0.36310820624546114
1.0,0.3631741420010895
1.0,0.3632401017072285
1.0,0.36330608537693004
1.0,0.3633720930232558
1.0,0.3634381246592768
1.0,0.3635041802980734
1.0,0.36357025995273584
1.0,0.36363636363636365
1.0,0.36370249136206584
1.0,0.3637686431429611
1.0,0.36383481899217757
1.0,0.363901018922853
1.0,0.36396724294813465
1.0,0.3640334910811795
1.0,0.3640997633351538
1.0,0.3641660597232338
1.0,0.364232380258605
1.0,0.36429872495446264
1.0,0.36436509382401167
1.0,0.36443148688046645
1.0,0.3644979041370512
1.0,0.36456434560699963
1.0,0.3646308113035551
1.0,0.36469730123997085
1.0,0.3647638154295094
1.0,0.36483035388544327
1.0,0.36489691662105456
1.0,0.36496350364963503
1.0,0.36503011498448623
1.0,0.36509675063891933
1.0,0.36516341062625524
1.0,0.36523009495982467
1.0,0.365296803652968
1.0,0.36536353671903543
1.0,0.3654302941713868
1.0,0.3654970760233918
1.0,0.3655638822884299
1.0,0.3656307129798903
1.0,0.36569756811117204
1.0,0.365764447695684
1.0,0.3658313517468447
1.0,0.3658982802780827
1.0,0.36596523330283626
1.0,0.36603221083455345
1.0,0.3660992128866923
1.0,0.3661662394727206
1.0,0.3662332906061161
1.0,0.3663003663003663
1.0,0.3663674665689687
1.0,0.36643459142543056
1.0,0.3665017408832692
1.0,0.36656891495601174
1.0,0.36663611365719523
1.0,0.3667033370003667
1.0,0.36677058499908305
1.0,0.36683785766691124
1.0,0.366905155017428
1.0,0.3669724770642202
1.0,0.36703982382088457
1.0,0.3671071953010279
1.0,0.3671745915182669
1.0,0.3672420124862284
1.0,0.3673094582185491
1.0,0.36737692872887584
1.0,0.36744442403086536
1.0,0.3675119441381845
1.0,0.3675794890645102
1.0,0.36764705882352944
1.0,0.36771465342893916
1.0,0.3677822728944465
1.0,0.36784991723376864
1.0,0.36791758646063283
1.0,0.36798528058877644
1.0,0.368052999631947
1.0,0.36812074360390207
1.0,0.36818851251840945
1.0,0.3682563063892469
1.0,0.3683241252302026
1.0,0.3683919690550746
1.0,0.36845983787767134
1.0,0.3685277317118113
1.0,0.36859565057132326
1.0,0.3686635944700461
1.0,0.3687315634218289
1.0,0.36879955744053106
1.0,0.3688675765400221
1.0,0.3689356207341819
1.0,0.36900369003690037
1.0,0.3690717844620779
1.0,0.36913990402362495
1.0,0.3692080487354624
1.0,0.36927621861152143
1.0,0.36934441366574333
1.0,0.3694126339120798
1.0,0.36948087936449286
1.0,0.36954915003695493
1.0,0.36961744594344853
1.0,0.36968576709796674
1.0,0.36975411351451287
1.0,0.3698224852071006
1.0,0.369890882189754
1.0,0.3699593044765076
1.0,0.3700277520814061
1.0,0.3700962250185048
1.0,0.37016472330186934
1.0,0.3702332469455757
1.0,0.37030179596371043
1.0,0.37037037037037035
1.0,0.3704389701796629
1.0,0.3705075954057058
1.0,0.3705762460626274
1.0,0.37064492216456635
1.0,0.3707136237256719
1.0,0.3707823507601038
1.0,0.37085110328203225
1.0,0.37091988130563797
1.0,0.3709886848451122
1.0,0.37105751391465674
1.0,0.37112636852848396
1.0,0.3711952487008166
1.0,0.37126415444588823
1.0,0.37133308577794283
1.0,0.3714020427112349
1.0,0.37147102526002973
1.0,0.37154003343860303
1.0,0.37160906726124115
1.0,0.3716781267422412
1.0,0.37174721189591076
1.0,0.3718163227365681
1.0,0.3718854592785422
1.0,0.3719546215361726
1.0,0.37202380952380953
1.0,0.37209302325581395
1.0,0.3721622627465575
1.0,0.3722315280104225
1.0,0.37230081906180196
1.0,0.3723701359150996
1.0,0.37243947858473
1.0,0.3725088470851183
1.0,0.37257824143070045
1.0,0.3726476616359232
1.0,0.37271710771524413
1.0,0.3727865796831314
1.0,0.37285607755406414
1.0,0.37292560134253216
1.0,0.37299515106303616
1.0,0.37306472673008767
1.0,0.373134328358209
1.0,0.3732039559619332
1.0,0.3732736095558044
1.0,0.3733432891543774
1.0,0.37341299477221807
1.0,0.3734827264239029
1.0,0.3735524841240194
1.0,0.37362226788716607
1.0,0.37369207772795215
1.0,0.3737619136609979
1.0,0.37383177570093457
1.0,0.3739016638624042
1.0,0.3739715781600598
1.0,0.37404151860856555
1.0,0.37411148522259635
1.0,0.37425149700598803
1.0,0.3743215422047539
1.0,0.3743916136278547
1.0,0.3744617112900206
1.0,0.37453183520599254
1.0,0.3746019853905226
1.0,0.37467216185837393
1.0,0.37474236462432076
1.0,0.3748125937031484
1.0,0.37488284910965325
1.0,0.3749531308586427
1.0,0.3750234389649353
1.0,0.37509377344336087
1.0,0.37516413430876006
1.0,0.37523452157598497
1.0,0.37530493525989866
1.0,0.37537537537537535
1.0,0.3754458419373005
1.0,0.3755163349605708
1.0,0.3755868544600939
1.0,0.3756574004507889
1.0,0.375727972947586
1.0,0.37579857196542654
1.0,0.3758691975192633
1.0,0.37593984962406013
1.0,0.37601052829479226
1.0,0.376081233546446
1.0,0.3761519653940192
1.0,0.3762227238525207
1.0,0.37629350893697083
1.0,0.3763643206624012
1.0,0.3764351590438547
1.0,0.37650602409638556
1.0,0.3765769158350593
1.0,0.3766478342749529
1.0,0.3767187794311546
1.0,0.37678975131876413
1.0,0.3768607499528924
1.0,0.3769317753486619
1.0,0.3770028275212064
1.0,0.3770739064856712
1.0,0.3771450122572129
1.0,0.37721614485099964
1.0,0.3772873042822109
1.0,0.37735849056603776
1.0,0.3774297037176826
1.0,0.3775009437523594
1.0,0.37757221068529356
1.0,0.3776435045317221
1.0,0.3777148253068933
1.0,0.37778617302606726
1.0,0.3778575477045154
1.0,0.3779289493575208
1.0,0.378000378000378
1.0,0.3780718336483932
1.0,0.3781433163168841
1.0,0.37821482602118
1.0,0.3782863627766219
1.0,0.37835792659856227
1.0,0.3784295175023652
1.0,0.3785011355034065
1.0,0.3785727806170736
1.0,0.37864445285876563
1.0,0.3787161522438932
1.0,0.3787878787878788
1.0,0.37885963250615645
1.0,0.378931413414172
1.0,0.37900322152738297
1.0,0.37907505686125853
1.0,0.3791469194312796
1.0,0.37921880925293894
1.0,0.37929072634174094
1.0,0.37936267071320184
1.0,0.3794346423828496
1.0,0.3795066413662239
1.0,0.37957866767887644
1.0,0.37965072133637057
1.0,0.37972280235428135
1.0,0.379794910748196
1.0,0.3798670465337132
1.0,0.3799392097264438
1.0,0.38001140034201025
1.0,0.38008361839604715
1.0,0.3801558639042007
1.0,0.38022813688212925
1.0,0.38030043734550295
1.0,0.3803727653100038
1.0,0.38044512079132586
1.0,0.380517503805175
1.0,0.38058991436726924
1.0,0.3806623524933384
1.0,0.3807348181991243
1.0,0.38080731150038083
1.0,0.38087983241287376
1.0,0.38095238095238093
1.0,0.3810249571346923
1.0,0.38109756097560976
1.0,0.3811701924909472
1.0,0.3812428516965307
1.0,0.3813155386081983
1.0,0.3814609956131986
1.0,0.38153376573826786
1.0,0.38160656363289447
1.0,0.3816793893129771
1.0,0.38175224279442643
1.0,0.3818251240931653
1.0,0.3818980332251289
1.0,0.3819709702062643
1.0,0.38204393505253104
1.0,0.38211692777990064
1.0,0.38218994840435694
1.0,0.382262996941896
1.0,0.3823360734085261
1.0,0.3824091778202677
1.0,0.38248231019315354
1.0,0.38255547054322875
1.0,0.3826286588865506
1.0,0.3827018752391887
1.0,0.3827751196172249
1.0,0.38284839203675347
1.0,0.3829216925138809
1.0,0.38299502106472616
1.0,0.3830683777054204
1.0,0.3831417624521073
1.0,0.38321517532094274
1.0,0.3832886163280951
1.0,0.38336208548974504
1.0,0.3834355828220859
1.0,0.3835091083413231
1.0,0.3835826620636747
1.0,0.3836562440053712
1.0,0.3837298541826554
1.0,0.38380349261178276
1.0,0.3838771593090211
1.0,0.3839508542906508
1.0,0.38402457757296465
1.0,0.3840983291722681
1.0,0.384172109104879
1.0,0.38424591738712777
1.0,0.3843197540353574
1.0,0.3843936190659235
1.0,0.3844675124951942
1.0,0.38454143433955007
1.0,0.38461538461538464
1.0,0.3846893633391037
1.0,0.38476337052712584
1.0,0.38483740619588225
1.0,0.3849114703618168
1.0,0.3849855630413859
1.0,0.3850596842510589
1.0,0.38513383400731754
1.0,0.3852080123266564
1.0,0.38528221922558276
1.0,0.3853564547206166
1.0,0.3854307188282906
1.0,0.3855050115651503
1.0,0.385579332947754
1.0,0.38565368299267255
1.0,0.3857280617164899
1.0,0.38580246913580246
1.0,0.38587690526721974
1.0,0.38595137012736397
1.0,0.3860258637328701
1.0,0.3861003861003861
1.0,0.3861749372465727
1.0,0.3862495171881035
1.0,0.38632412594166504
1.0,0.38639876352395675
1.0,0.3864734299516908
1.0,0.3865481252415926
1.0,0.38662284941040015
1.0,0.3866976024748647
1.0,0.38677238445175016
1.0,0.38684719535783363
1.0,0.3869220352099052
1.0,0.38699690402476783
1.0,0.38707180181923745
1.0,0.38714672861014326
1.0,0.3872216844143272
1.0,0.3872966692486445
1.0,0.3873716831299632
1.0,0.38744672607516467
1.0,0.3875217981011432
1.0,0.3875968992248062
1.0,0.3876720294630742
1.0,0.38774718883288095
1.0,0.38782237735117314
1.0,0.3878975950349108
1.0,0.3879728419010669
1.0,0.38804811796662786
1.0,0.38812342324859306
1.0,0.38819875776397517
1.0,0.38827412152980006
1.0,0.3883495145631068
1.0,0.38842493688094776
1.0,0.3885003885003885
1.0,0.38857586943850786
1.0,0.388651379712398
1.0,0.38872691933916426
1.0,0.38880248833592534
1.0,0.38887808671981333
1.0,0.38895371450797356
1.0,0.3890293717175647
1.0,0.38910505836575876
1.0,0.3891807744697412
1.0,0.3892565200467108
1.0,0.3893322951138797
1.0,0.3894080996884735
1.0,0.3894839337877313
1.0,0.38955979742890534
1.0,0.3896356906292616
1.0,0.3897116134060795
1.0,0.38978756577665175
1.0,0.3898635477582846
1.0,0.38993955936829794
1.0,0.39001560062402496
1.0,0.39009167154281255
1.0,0.3901677721420211
1.0,0.3902439024390244
1.0,0.39032006245121
1.0,0.3903962521959789
1.0,0.3904724716907458
1.0,0.39054872095293885
1.0,0.390625
1.0,0.39070130884938464
1.0,0.3907776475185619
1.0,0.3908540160250147
1.0,0.39093041438623927
1.0,0.39100684261974583
1.0,0.39108330074305825
1.0,0.39115978877371405
1.0,0.39123630672926446
1.0,0.3913128546272745
1.0,0.3913894324853229
1.0,0.39146604032100213
1.0,0.39154267815191857
1.0,0.3916193459956922
1.0,0.39169604386995693
1.0,0.3917727717923604
1.0,0.39184952978056425
1.0,0.3919263178522438
1.0,0.3920031360250882
1.0,0.39207998431680063
1.0,0.39215686274509803
1.0,0.3922337713277113
1.0,0.39231071008238527
1.0,0.39238767902687854
1.0,0.3924646781789639
1.0,0.39254170755642787
1.0,0.39261876717707106
1.0,0.392695857058708
1.0,0.3927729772191673
1.0,0.3928501276762915
1.0,0.3929273084479371
1.0,0.39300451955197485
1.0,0.39308176100628933
1.0,0.39315903282877923
1.0,0.39323633503735744
1.0,0.39331366764995085
1.0,0.3933910306845004
1.0,0.3934684241589612
1.0,0.39354584809130266
1.0,0.39362330249950794
1.0,0.3937007874015748
1.0,0.39377830281551485
1.0,0.3938558487593541
1.0,0.39393342525113256
1.0,0.39401103230890466
1.0,0.39408866995073893
1.0,0.3941663381947182
1.0,0.39424403705893946
1.0,0.3943217665615142
1.0,0.39439952672056794
1.0,0.39447731755424065
1.0,0.3945551390806865
1.0,0.39463299131807417
1.0,0.39471087428458657
1.0,0.3947887879984208
1.0,0.39486673247778875
1.0,0.3949447077409163
1.0,0.39502271380604387
1.0,0.3951007506914263
1.0,0.3951788184153329
1.0,0.3952569169960474
1.0,0.39533504645186796
1.0,0.39541320680110714
1.0,0.39549139806209216
1.0,0.39556962025316456
1.0,0.39564787339268054
1.0,0.3957261574990107
1.0,0.39580447259054025
1.0,0.39588281868566905
1.0,0.3959611958028113
1.0,0.39603960396039606
1.0,0.3961180431768667
1.0,0.39619651347068147
1.0,0.3962750148603131
1.0,0.39635354736424894
1.0,0.39643211100099107
1.0,0.3965107057890563
1.0,0.396589331746976
1.0,0.3966679888932963
1.0,0.3967466772465781
1.0,0.3968253968253968
1.0,0.3969041476483429
1.0,0.39698292973402144
1.0,0.3970617431010522
1.0,0.3971405877680699
1.0,0.3972194637537239
1.0,0.3972983710766786
1.0,0.397377309755613
1.0,0.397456279809221
1.0,0.3975352812562115
1.0,0.3976143141153082
1.0,0.39769337840524954
1.0,0.39777247414478917
1.0,0.3978516013526954
1.0,0.3979307600477517
1.0,0.39800995024875624
1.0,0.3980891719745223
1.0,0.3981684252438782
1.0,0.39824771007566706
1.0,0.39832702648874724
1.0,0.398406374501992
1.0,0.3984857541342897
1.0,0.3985651654045436
1.0,0.3986446083316723
1.0,0.39872408293460926
1.0,0.3988035892323031
1.0,0.3988831272437176
1.0,0.39896269698783166
1.0,0.39904229848363926
1.0,0.39912193175014965
1.0,0.3992015968063872
1.0,0.3992812936713915
1.0,0.3993610223642173
1.0,0.3994407829039345
1.0,0.3995205753096284
1.0,0.3996003996003996
1.0,0.3996802557953637
1.0,0.39976014391365183
1.0,0.39984006397441024
1.0,0.39992001599680066
1.0,0.4
1.0,0.40008001600320064
1.0,0.4001600640256102
1.0,0.40024014408645187
1.0,0.400320256204964
1.0,0.4004004004004004
1.0,0.4004805766920304
1.0,0.4005607850991388
1.0,0.40064102564102566
1.0,0.4007212983370066
1.0,0.40080160320641284
1.0,0.4008819402685909
1.0,0.40096230954290296
1.0,0.4010427110487267
1.0,0.4011231448054553
1.0,0.4012036108324975
1.0,0.4012841091492777
1.0,0.4013646397752358
1.0,0.40144520272982737
1.0,0.4015257980325236
1.0,0.40160642570281124
1.0,0.4016870857601928
1.0,0.4017677782241864
1.0,0.4018485031143259
1.0,0.40192926045016075
1.0,0.4020100502512563
1.0,0.4020908725371934
1.0,0.4021717273275689
1.0,0.4022526146419952
1.0,0.40233353450010056
1.0,0.4024144869215292
1.0,0.4024954719259408
1.0,0.4025764895330113
1.0,0.40265753976243207
1.0,0.4027386226339106
1.0,0.4028197381671702
1.0,0.40290088638195004
1.0,0.40298206729800523
1.0,0.4030632809351068
1.0,0.40314452731304173
1.0,0.4032258064516129
1.0,0.40330711837063926
1.0,0.40338846308995563
1.0,0.40346984062941293
1.0,0.4035512510088781
1.0,0.4036326942482341
1.0,0.4037141703673799
1.0,0.40379567938623057
1.0,0.40387722132471726
1.0,0.4039587962027873
1.0,0.40404040404040403
1.0,0.404122044857547
1.0,0.4042037186742118
1.0,0.40428542551041036
1.0,0.4043671653861706
1.0,0.4044489383215369
1.0,0.4045307443365696
1.0,0.4046125834513453
1.0,0.4046944556859571
1.0,0.40477636106051407
1.0,0.4048582995951417
1.0,0.4049402713099818
1.0,0.4050222762251924
1.0,0.40510431436094796
1.0,0.4051863857374392
1.0,0.40526849037487334
1.0,0.40535062829347385
1.0,0.40543279951348066
1.0,0.40551500405515006
1.0,0.4055972419387548
1.0,0.4056795131845842
1.0,0.4057618178129438
1.0,0.40584415584415584
1.0,0.40592652729855894
1.0,0.4060089321965083
1.0,0.40609137055837563
1.0,0.4061738424045491
1.0,0.4062563477554337
1.0,0.4063388866314506
1.0,0.406421459053038
1.0,0.4065040650406504
1.0,0.4065867046147591
1.0,0.406669377795852
1.0,0.4067520846044336
1.0,0.40683482506102525
1.0,0.4069175991861648
1.0,0.407000407000407
1.0,0.4070832485243232
1.0,0.40716612377850164
1.0,0.4072490327835471
1.0,0.4073319755600815
1.0,0.4074149521287431
1.0,0.40749796251018744
1.0,0.4075810067250866
1.0,0.40766408479412963
1.0,0.4077471967380224
1.0,0.4078303425774878
1.0,0.40791352233326533
1.0,0.4079967360261118
1.0,0.40807998367680065
1.0,0.40816326530612246
1.0,0.4082465809348847
1.0,0.4083299305839118
1.0,0.4084133142740453
1.0,0.4084967320261438
1.0,0.40858018386108275
1.0,0.4086636697997548
1.0,0.4087471898630697
1.0,0.4088307440719542
1.0,0.40891433244735226
1.0,0.40899795501022496
1.0,0.4090816117815504
1.0,0.40916530278232405
1.0,0.4092490280335584
1.0,0.4093327875562833
1.0,0.4094165813715456
1.0,0.4095004095004095
1.0,0.4095842719639566
1.0,0.40966816878328555
1.0,0.4097520999795124
1.0,0.4098360655737705
1.0,0.4099200655872105
1.0,0.4100041000410004
1.0,0.4100881689563256
1.0,0.41017227235438886
1.0,0.41025641025641024
1.0,0.4103405826836274
1.0,0.4104247896572953
1.0,0.41050903119868637
1.0,0.41059330732909055
1.0,0.4106776180698152
1.0,0.41076196344218524
1.0,0.4108463434675431
1.0,0.41093075816724883
1.0,0.41101520756267984
1.0,0.41109969167523125
1.0,0.41118421052631576
1.0,0.41126876413736374
1.0,0.41143797572515944
1.0,0.411522633744856
1.0,0.41160732661041366
1.0,0.41169205434335115
1.0,0.41177681696520485
1.0,0.41186161449752884
1.0,0.411946446961895
1.0,0.4120313143798929
1.0,0.41211621677313004
1.0,0.41220115416323166
1.0,0.4122861265718409
1.0,0.41237113402061853
1.0,0.41245617653124356
1.0,0.41254125412541254
1.0,0.4126263668248401
1.0,0.41271151465125877
1.0,0.41279669762641896
1.0,0.41288191577208916
1.0,0.41296716911005577
1.0,0.41305245766212306
1.0,0.4131377814501136
1.0,0.4132231404958678
1.0,0.4133085348212441
1.0,0.41339396444811904
1.0,0.41347942939838744
1.0,0.41356492969396197
1.0,0.4136504653567735
1.0,0.4137360364087712
1.0,0.4138216428719222
1.0,0.4139072847682119
1.0,0.413992962119644
1.0,0.4140786749482402
1.0,0.4141644232760406
1.0,0.4142502071251036
1.0,0.4143360265175057
1.0,0.4144218814753419
1.0,0.41450777202072536
1.0,0.41459369817578773
1.0,0.4146796599626788
1.0,0.41476565740356697
1.0,0.41485169052063886
1.0,0.4149377593360996
1.0,0.41502386387217266
1.0,0.41511000415110005
1.0,0.4151961801951422
1.0,0.4152823920265781
1.0,0.4153686396677051
1.0,0.4154549231408392
1.0,0.415541242468315
1.0,0.41562759767248547
1.0,0.4157139887757223
1.0,0.4158004158004158
1.0,0.41588687876897484
1.0,0.415973377703827
1.0,0.41605991262741837
1.0,0.4161464835622139
1.0,0.4162330905306972
1.0,0.4163197335553705
1.0,0.41640641265875494
1.0,0.41649312786339027
1.0,0.41657987919183503
1.0,0.4166666666666667
1.0,0.41675349031048137
1.0,0.4168403501458941
1.0,0.4169272461955389
1.0,0.4170141784820684
1.0,0.4171011470281543
1.0,0.4171881518564873
1.0,0.4172751929897768
1.0,0.41736227045075125
1.0,0.4174493842621582
1.0,0.4175365344467641
1.0,0.41762372102735434
1.0,0.4177109440267335
1.0,0.4177982034677251
1.0,0.41788549937317176
1.0,0.4179728317659352
1.0,0.4180602006688963
1.0,0.41814760610495505
1.0,0.41823504809703055
1.0,0.4183225266680611
1.0,0.41841004184100417
1.0,0.4184975936388366
1.0,0.4185851820845542
1.0,0.4186728072011723
1.0,0.4187604690117253
1.0,0.418848167539267
1.0,0.41893590280687054
1.0,0.4190236748376283
1.0,0.4191114836546521
1.0,0.4191993292810732
1.0,0.4192872117400419
1.0,0.41937513105472846
1.0,0.41946308724832215
1.0,0.4195510803440319
1.0,0.419639110365086
1.0,0.4197271773347324
1.0,0.41981528127623846
1.0,0.419903422212891
1.0,0.41999160016799664
1.0,0.42007981516488135
1.0,0.42016806722689076
1.0,0.42025635637739023
1.0,0.4203446826397646
1.0,0.42043304603741855
1.0,0.42052144659377627
1.0,0.4206098843322818
1.0,0.4206983592763988
1.0,0.4207868714496108
1.0,0.4208754208754209
1.0,0.42096400757735214
1.0,0.42105263157894735
1.0,0.4211412929037692
1.0,0.42122999157540014
1.0,0.4213187276174426
1.0,0.42140750105351876
1.0,0.4214963119072708
1.0,0.42158516020236086
1.0,0.421674045962471
1.0,0.42176296921130324
1.0,0.42185192997257964
1.0,0.4219409282700422
1.0,0.42202996412745303
1.0,0.42211903756859437
1.0,0.4222081486172683
1.0,0.4222972972972973
1.0,0.42238648363252373
1.0,0.4224757076468103
1.0,0.4225649693640397
1.0,0.42265426880811496
1.0,0.4227436060029592
1.0,0.42283298097251587
1.0,0.4229223937407486
1.0,0.4230118443316413
1.0,0.4231013327691982
1.0,0.4231908590774439
1.0,0.42328042328042326
1.0,0.42337002540220153
1.0,0.42345966546686425
1.0,0.4235493434985176
1.0,0.4236390595212879
1.0,0.423728813559322
1.0,0.42381860563678747
1.0,0.42390843577787196
1.0,0.42399830400678395
1.0,0.42408821034775235
1.0,0.4241781548250265
1.0,0.42426813746287656
1.0,0.42435815828559303
1.0,0.4244482173174873
1.0,0.4245383145828911
1.0,0.42462845010615713
1.0,0.42471862391165854
1.0,0.42480883602378927
1.0,0.4248990864669641
1.0,0.42498937526561836
1.0,0.4250797024442083
1.0,0.42517006802721086
1.0,0.425260472039124
1.0,0.42535091450446616
1.0,0.4254413954477771
1.0,0.425531914893617
1.0,0.42562247286656735
1.0,0.4257130693912303
1.0,0.4258037044922291
1.0,0.42589437819420783
1.0,0.42598509052183176
1.0,0.42607584149978694
1.0,0.42616663115278075
1.0,0.42625745950554134
1.0,0.4263483265828182
1.0,0.42643923240938164
1.0,0.42653017701002344
1.0,0.42662116040955633
1.0,0.4267121826328142
1.0,0.42680324370465217
1.0,0.42689434364994666
1.0,0.4269854824935952
1.0,0.42707666026051677
1.0,0.42716787697565145
1.0,0.4272591326639607
1.0,0.42735042735042733
1.0,0.42744176106005555
1.0,0.4275331338178709
1.0,0.4276245456489203
1.0,0.42771599657827203
1.0,0.42780748663101603
1.0,0.4278990158322636
1.0,0.4279905842071474
1.0,0.4280821917808219
1.0,0.42817383857846286
1.0,0.4282655246252677
1.0,0.42835724994645535
1.0,0.4284490145672665
1.0,0.4285408185129634
1.0,0.4286326618088298
1.0,0.4287245444801715
1.0,0.4288164665523156
1.0,0.4289084280506112
1.0,0.429000429000429
1.0,0.42909246942716156
1.0,0.4291845493562232
1.0,0.42927666881305
1.0,0.42936882782310004
1.0,0.42946102641185313
1.0,0.42955326460481097
1.0,0.4296455424274973
1.0,0.42973785990545765
1.0,0.4298302170642596
1.0,0.4299226139294927
1.0,0.4300150505267684
1.0,0.43010752688172044
1.0,0.4302000430200043
1.0,0.43029259896729777
1.0,0.43038519474930065
1.0,0.4304778303917348
1.0,0.43057050592034446
1.0,0.4306632213608958
1.0,0.43075597673917726
1.0,0.4308487720809996
1.0,0.43094160741219567
1.0,0.43103448275862066
1.0,0.4311273981461522
1.0,0.43122035360068994
1.0,0.4313133491481561
1.0,0.4314063848144953
1.0,0.43149946062567424
1.0,0.43159257660768235
1.0,0.4316857327865314
1.0,0.4317789291882556
1.0,0.4318721658389117
1.0,0.4319654427645788
1.0,0.43205875999135884
1.0,0.43215211754537597
1.0,0.4322455154527772
1.0,0.43233895373973197
1.0,0.43243243243243246
1.0,0.43252595155709345
1.0,0.4326195111399524
1.0,0.4327131112072696
1.0,0.43280675178532785
1.0,0.4329004329004329
1.0,0.43299415457891316
1.0,0.43308791684711995
1.0,0.43318171973142733
1.0,0.43327556325823224
1.0,0.4333694474539545
1.0,0.43346337234503685
1.0,0.43355733795794493
1.0,0.4336513443191674
1.0,0.4337453914552158
1.0,0.43383947939262474
1.0,0.43393360815795184
1.0,0.4340277777777778
1.0,0.4341219882787063
1.0,0.4342162396873643
1.0,0.43431053203040176
1.0,0.43440486533449174
1.0,0.43449923962633064
1.0,0.43459365493263796
1.0,0.4346881112801565
1.0,0.43478260869565216
1.0,0.4348771472059143
1.0,0.43497172683775553
1.0,0.4350663476180118
1.0,0.4351610095735422
1.0,0.4352557127312296
1.0,0.43535045711798
1.0,0.43544524276072283
1.0,0.4355400696864111
1.0,0.43563493792202135
1.0,0.4357298474945534
1.0,0.4358247984310307
1.0,0.43591979075850046
1.0,0.4360148245040331
1.0,0.4361098996947231
1.0,0.4362050163576881
1.0,0.4363001745200698
1.0,0.4363953742090334
1.0,0.43649061545176776
1.0,0.4365858982754857
1.0,0.4366812227074236
1.0,0.43677658877484166
1.0,0.436871996505024
1.0,0.4369674459252786
1.0,0.4370629370629371
1.0,0.4371584699453552
1.0,0.4372540445999126
1.0,0.4373496610540127
1.0,0.4374453193350831
1.0,0.4375410194705754
1.0,0.437636761487965
1.0,0.4377325454147516
1.0,0.43782837127845886
1.0,0.4379242391066345
1.0,0.43802014892685065
1.0,0.43811610076670315
1.0,0.43821209465381245
1.0,0.4383081306158229
1.0,0.4384042086804033
1.0,0.43850032887524665
1.0,0.43859649122807015
1.0,0.43869269576661546
1.0,0.43878894251864853
1.0,0.43888523151195963
1.0,0.43898156277436345
1.0,0.43907793633369924
1.0,0.43917435221783047
1.0,0.4392708104546453
1.0,0.43936731107205623
1.0,0.43946385409800043
1.0,0.43956043956043955
1.0,0.43965706748735983
1.0,0.4397537379067722
1.0,0.4398504508467121
1.0,0.43994720633523976
1.0,0.44004400440044006
1.0,0.44014084507042256
1.0,0.4402377283733216
1.0,0.44033465433729635
1.0,0.44043162299053074
1.0,0.44052863436123346
1.0,0.4406256884776382
1.0,0.4407227853680035
1.0,0.44081992506061274
1.0,0.4409171075837742
1.0,0.4410143329658214
1.0,0.4411116012351125
1.0,0.4412089124200309
1.0,0.44130626654898497
1.0,0.4414036636504083
1.0,0.44150110375275936
1.0,0.44159858688452197
1.0,0.4416961130742049
1.0,0.4417936823503424
1.0,0.4418912947414936
1.0,0.4419889502762431
1.0,0.4420866489832007
1.0,0.44218439089100153
1.0,0.44228217602830605
1.0,0.44238000442380004
1.0,0.4424778761061947
1.0,0.4425757911042266
1.0,0.4426737494466578
1.0,0.44277175116227585
1.0,0.4428697962798937
1.0,0.4429678848283499
1.0,0.44306601683650865
1.0,0.4431641923332595
1.0,0.4432624113475177
1.0,0.44336067390822437
1.0,0.4434589800443459
1.0,0.4435573297848747
1.0,0.44365572315882873
1.0,0.4437541601952518
1.0,0.44385264092321347
1.0,0.4439511653718091
1.0,0.44404973357015987
1.0,0.44414834554741284
1.0,0.44424700133274103
1.0,0.44434570095534326
1.0,0.4444444444444444
1.0,0.4445432318292954
1.0,0.444642063139173
1.0,0.44474093840338
1.0,0.44483985765124556
1.0,0.44493882091212456
1.0,0.44503782821539833
1.0,0.44513687959047404
1.0,0.4452359750667854
1.0,0.44533511467379205
1.0,0.44543429844098
1.0,0.4455335263978614
1.0,0.44563279857397503
1.0,0.44573211499888565
1.0,0.44583147570218457
1.0,0.4459308807134894
1.0,0.44603033006244425
1.0,0.4461298237787196
1.0,0.4462293618920125
1.0,0.4463289444320464
1.0,0.44642857142857145
1.0,0.44652824291136417
1.0,0.4466279589102278
1.0,0.4467277194549922
1.0,0.44682752457551383
1.0,0.44692737430167595
1.0,0.4470272686633885
1.0,0.44712720769058795
1.0,0.4472271914132379
1.0,0.44732721986132856
1.0,0.44742729306487694
1.0,0.44752741105392707
1.0,0.4476275738585497
1.0,0.4477277815088426
1.0,0.4478280340349306
1.0,0.4479283314669653
1.0,0.44802867383512546
1.0,0.44812906116961687
1.0,0.44822949350067237
1.0,0.4483299708585519
1.0,0.4484304932735426
1.0,0.4485310607759587
1.0,0.4486316733961418
1.0,0.4487323311644604
1.0,0.4488330341113106
1.0,0.4489337822671156
1.0,0.449034575662326
1.0,0.4491354143274197
1.0,0.44923629829290207
1.0,0.4493372275893058
1.0,0.449438202247191
1.0,0.44953922229714544
1.0,0.44964028776978415
1.0,0.4497413986957499
1.0,0.449842555105713
1.0,0.4499437570303712
1.0,0.45004500450045004
1.0,0.45014629754670266
1.0,0.45024763619990993
1.0,0.45034902049088044
1.0,0.45045045045045046
1.0,0.45055192610948414
1.0,0.45065344749887337
1.0,0.450755014649538
1.0,0.4508566275924256
1.0,0.4509582863585118
1.0,0.4510599909788002
1.0,0.45116174148432214
1.0,0.45126353790613716
1.0,0.4513653802753329
1.0,0.45146726862302483
1.0,0.45156920298035674
1.0,0.45167118337850043
1.0,0.451773209848656
1.0,0.4518752824220515
1.0,0.4519774011299435
1.0,0.45207956600361665
1.0,0.4521817770743839
1.0,0.4522840343735866
1.0,0.4523863379325944
1.0,0.45248868778280543
1.0,0.45259108395564607
1.0,0.4526935264825713
1.0,0.45279601539506453
1.0,0.4528985507246377
1.0,0.45300113250283125
1.0,0.45310376076121434
1.0,0.45320643553138457
1.0,0.45330915684496825
1.0,0.4534119247336205
1.0,0.45351473922902497
1.0,0.45361760036289406
1.0,0.4537205081669691
1.0,0.4538234626730202
1.0,0.45392646391284613
1.0,0.4540295119182747
1.0,0.45413260672116257
1.0,0.4542357483533954
1.0,0.45433893684688775
1.0,0.4544421722335833
1.0,0.45454545454545453
1.0,0.4546487838145033
1.0,0.45475216007276037
1.0,0.45485558335228565
1.0,0.4549590536851683
1.0,0.4550625711035267
1.0,0.4551661356395084
1.0,0.45526974732529024
1.0,0.4553734061930783
1.0,0.4554771122751082
1.0,0.45558086560364464
1.0,0.455684666210982
1.0,0.45578851412944393
1.0,0.45589240939138365
1.0,0.45599635202918376
1.0,0.45610034207525657
1.0,0.4562043795620438
1.0,0.4563084645220169
1.0,0.45641259698767683
1.0,0.45651677699155446
1.0,0.45662100456621
1.0,0.4567252797442338
1.0,0.4568296025582458
1.0,0.4569339730408956
1.0,0.4570383912248629
1.0,0.45714285714285713
1.0,0.45724737082761774
1.0,0.457351932311914
1.0,0.45745654162854527
1.0,0.4575611988103409
1.0,0.4576659038901602
1.0,0.45777065690089264
1.0,0.45787545787545786
1.0,0.4579803068468056
1.0,0.45808520384791573
1.0,0.4581901489117984
1.0,0.458295142071494
1.0,0.4584001833600733
1.0,0.4585052728106373
1.0,0.45861041045631734
1.0,0.45871559633027525
1.0,0.45882083046570316
1.0,0.45892611289582375
1.0,0.4590314436538903
1.0,0.4591368227731864
1.0,0.4592422502870264
1.0,0.4593477262287552
1.0,0.45945325063174824
1.0,0.45955882352941174
1.0,0.4596644449551827
1.0,0.45977011494252873
1.0,0.45987583352494826
1.0,0.45998160073597055
1.0,0.46008741660915575
1.0,0.4601932811780948
1.0,0.46029919447640966
1.0,0.4604051565377532
1.0,0.46051116739580933
1.0,0.460617227084293
1.0,0.46072333563695
1.0,0.4608294930875576
1.0,0.46093569946992397
1.0,0.46104195481788846
1.0,0.46114825916532165
1.0,0.4612546125461255
1.0,0.461361014994233
1.0,0.46146746654360865
1.0,0.46157396722824834
1.0,0.4616805170821791
1.0,0.4617871161394597
1.0,0.4618937644341801
1.0,0.462000462000462
1.0,0.46210720887245843
1.0,0.46221400508435406
1.0,0.4623208506703652
1.0,0.4624277456647399
1.0,0.46253469010175763
1.0,0.4626416840157298
1.0,0.46274872744099954
1.0,0.4628558204119417
1.0,0.46296296296296297
1.0,0.46307015512850197
1.0,0.4631773969430292
1.0,0.46328468844104703
1.0,0.4633920296570899
1.0,0.46349942062572425
1.0,0.46360686138154844
1.0,0.46371435195919314
1.0,0.46382189239332094
1.0,0.4639294827186268
1.0,0.46403712296983757
1.0,0.4641448131817127
1.0,0.46425255338904364
1.0,0.4643603436266543
1.0,0.4644681839294008
1.0,0.4645760743321719
1.0,0.4646840148698885
1.0,0.46479200557750405
1.0,0.46490004649000466
1.0,0.4650081376424087
1.0,0.46511627906976744
1.0,0.46522447080716445
1.0,0.46533271288971617
1.0,0.46544100535257155
1.0,0.4655493482309125
1.0,0.46565774155995343
1.0,0.4657661853749418
1.0,0.4658746797111577
1.0,0.4659832246039143
1.0,0.46609182008855743
1.0,0.4662004662004662
1.0,0.4663091629750525
1.0,0.4664179104477612
1.0,0.4665267086540704
1.0,0.4666355576294914
1.0,0.46674445740956827
1.0,0.4668534080298786
1.0,0.46696240952603313
1.0,0.4670714619336759
1.0,0.467180565288484
1.0,0.4672897196261682
1.0,0.46739892498247254
1.0,0.4675081813931744
1.0,0.46761748889408467
1.0,0.4677268475210477
1.0,0.4678362573099415
1.0,0.4679457182966776
1.0,0.46805523051720105
1.0,0.4681647940074906
1.0,0.46827440880355886
1.0,0.468384074941452
1.0,0.4684937924572499
1.0,0.46860356138706655
1.0,0.46871338176704946
1.0,0.46882325363338023
1.0,0.46893317702227433
1.0,0.46904315196998125
1.0,0.46915317851278443
1.0,0.4692632566870014
1.0,0.4693733865289838
1.0,0.4694835680751174
1.0,0.46959380136182205
1.0,0.4697040864255519
1.0,0.4698144233027954
1.0,0.4699248120300752
1.0,0.4700352526439483
1.0,0.4701457451810061
1.0,0.4702562896778744
1.0,0.4703668861712135
1.0,0.4704775346977182
1.0,0.47058823529411764
1.0,0.4706989879971758
1.0,0.4708097928436911
1.0,0.4709206498704968
1.0,0.47103155911446065
1.0,0.4711425206124853
1.0,0.471253534401508
1.0,0.47136460051850104
1.0,0.47147571900047147
1.0,0.47158688988446124
1.0,0.4716981132075472
1.0,0.4718093890068412
1.0,0.4719207173194903
1.0,0.47203209818267644
1.0,0.4721435316336166
1.0,0.4722550177095632
1.0,0.4723665564478035
1.0,0.4724781478856603
1.0,0.4725897920604915
1.0,0.4727014890096904
1.0,0.4728132387706856
1.0,0.4729250413809411
1.0,0.47303689687795647
1.0,0.4731488052992666
1.0,0.47326076668244205
1.0,0.47337278106508873
1.0,0.4734848484848485
1.0,0.4735969689793985
1.0,0.4737091425864519
1.0,0.4738213693437574
1.0,0.47393364928909953
1.0,0.47404598246029866
1.0,0.474158368895211
1.0,0.4742708086317287
1.0,0.47438330170777987
1.0,0.4744958481613286
1.0,0.47460844803037494
1.0,0.47472110135295514
1.0,0.4748338081671415
1.0,0.4749465685110425
1.0,0.4750593824228028
1.0,0.4751722499406035
1.0,0.4752851711026616
1.0,0.4753981459472308
1.0,0.47551117451260105
1.0,0.4756242568370987
1.0,0.47573739295908657
1.0,0.4758505829169641
1.0,0.47596382674916704
1.0,0.47607712449416806
1.0,0.47619047619047616
1.0,0.4763038818766373
1.0,0.47641734159123394
1.0,0.4765308553728854
1.0,0.47664442326024786
1.0,0.4767580452920143
1.0,0.47687172150691465
1.0,0.4769854519437157
1.0,0.4770992366412214
1.0,0.4772130756382725
1.0,0.477326968973747
1.0,0.47744091668656
1.0,0.4775549188156638
1.0,0.47766897540004777
1.0,0.47778308647873863
1.0,0.4778972520908005
1.0,0.4780114722753346
1.0,0.4781257470714798
1.0,0.4782400765184122
1.0,0.4783544606553456
1.0,0.4784688995215311
1.0,0.4785833931562575
1.0,0.47869794159885115
1.0,0.4788125448886761
1.0,0.4789272030651341
1.0,0.47904191616766467
1.0,0.4791566842357451
1.0,0.4792715073088905
1.0,0.4793863854266539
1.0,0.4795013186286262
1.0,0.47961630695443647
1.0,0.4797313504437515
1.0,0.4798464491362764
1.0,0.4799616030717543
1.0,0.4800768122899664
1.0,0.4801920768307323
1.0,0.4803073967339097
1.0,0.48042277203939465
1.0,0.48053820278712156
1.0,0.4806536890170632
1.0,0.4807692307692308
1.0,0.48088482808367394
1.0,0.481000481000481
1.0,0.4811161895597787
1.0,0.48123195380173245
1.0,0.4813477737665463
1.0,0.4814636494944632
1.0,0.4815795810257645
1.0,0.4816955684007707
1.0,0.481811611659841
1.0,0.4819277108433735
1.0,0.48204386599180526
1.0,0.4821600771456123
1.0,0.48227634434530986
0.9995,0.4821514712976363
0.9995,0.4822677925211098
0.9995,0.4823841698841699
0.9995,0.48250060342746803
0.9995,0.4826170931916948
0.9995,0.4827336392175803
0.9995,0.48285024154589373
0.9995,0.4829669002174438
0.9995,0.4830836152730788
0.9995,0.48320038675368626
0.9995,0.4833172147001934
0.9995,0.4834340991535671
0.9995,0.48355104015481376
0.9995,0.4836680377449794
0.9995,0.48378509196515007
0.9995,0.48390220285645125
0.9995,0.48401937046004845
0.9995,0.484136594817147
0.9995,0.4842538759689923
0.9995,0.4843712139568694
0.9995,0.4844886088221037
0.9995,0.4846060606060606
0.9995,0.4847235693501455
0.9995,0.484841135095804
0.9995,0.4849587578845221
0.9995,0.4850764377578258
0.9995,0.48519417475728155
0.9995,0.48531196892449624
0.9995,0.48542982030111703
0.9995,0.4855477289288317
0.9995,0.48566569484936833
0.9995,0.4857837181044957
0.9995,0.48590179873602335
0.9995,0.48601993678580113
0.9995,0.48613813229571984
0.9995,0.48625638530771104
0.9995,0.486374695863747
0.9995,0.48649306400584086
0.999,0.4863680623174294
0.999,0.4864864864864865
0.999,0.48660496833901606
0.999,0.48672350791717417
0.999,0.4868421052631579
0.999,0.48696076041920544
0.999,0.4870794734275963
0.999,0.48719824433065106
0.999,0.4873170731707317
0.999,0.48743595999024153
0.999,0.48755490483162517
0.999,0.4876739077373688
0.999,0.48779296875
0.999,0.4879120879120879
0.999,0.4880312652662433
0.999,0.4881505008551185
0.999,0.48826979472140764
0.999,0.4883891469078465
0.999,0.4885085574572127
0.999,0.4886280264123258
0.999,0.48874755381604695
0.999,0.48886713971127965
0.999,0.4889867841409692
0.999,0.48910648714810284
0.999,0.4892262487757101
0.999,0.4893460690668626
0.999,0.4894659480646742
0.999,0.4895858858123009
0.999,0.48970588235294116
0.999,0.48982593772983574
0.999,0.4899460519862678
0.999,0.4900662251655629
0.999,0.4901864573110893
0.999,0.49030674846625766
0.999,0.49042709867452133
0.999,0.4905475079793764
0.999,0.4906679764243615
0.999,0.49078850405305824
0.999,0.4909090909090909
0.999,0.4910297370361268
0.999,0.4911504424778761
0.999,0.491271207278092
0.999,0.4913920314805706
0.999,0.4915129151291513
0.999,0.49163385826771655
0.999,0.491754860940192
0.999,0.4918759231905465
0.999,0.4919970450627924
0.999,0.4921182266009852
0.999,0.49223946784922396
0.999,0.4923607688516511
0.999,0.4924821296524525
0.999,0.492603550295858
0.999,0.49272503082614055
0.999,0.49284657128761716
0.9985,0.49272144090796943
0.9985,0.4928430404738401
0.9985,0.4929647000740558
0.9985,0.4930864197530864
0.9985,0.4932081995554458
0.9985,0.4933300395256917
0.9985,0.493451939708426
0.9985,0.4935739001482946
0.9985,0.49369592088998765
0.9985,0.4938180019782394
0.9985,0.49394014345782833
0.9985,0.49406234537357746
0.9985,0.4941846077703539
0.9985,0.4943069306930693
0.9985,0.49442931418667985
0.9985,0.49455175829618625
0.9985,0.49467426306663365
0.9985,0.49479682854311197
0.9985,0.4949194547707559
0.9985,0.49504214179474465
0.998,0.4949169352839078
0.998,0.49503968253968256
0.998,0.4951624906970975
0.998,0.49528535980148886
0.998,0.49540828989823776
0.998,0.4955312810327706
0.998,0.49565433325055874
0.998,0.49577744659711875
0.998,0.4959006211180124
0.998,0.4960238568588469
0.998,0.4961471538652747
0.998,0.49627051218299356
0.998,0.49639393185774683
0.998,0.49651741293532337
0.998,0.4966409554615576
0.998,0.4967645594823295
0.998,0.49688822504356484
0.998,0.49701195219123506
0.998,0.49713574097135743
0.998,0.49725959142999504
0.998,0.4973835036132569
0.998,0.49750747756729813
0.998,0.4976315133383196
0.998,0.4977556109725686
0.9975,0.4976303317535545
0.9975,0.4977544910179641
0.9975,0.4978787122535563
0.9975,0.4980029955067399
0.9975,0.49812734082397003
0.9975,0.4982517482517482
0.9975,0.49837621783662256
0.9975,0.4985007496251874
0.9975,0.49862534366408395
0.9975,0.49875
0.9975,0.4988747186796699
0.9975,0.49899949974987495
0.9975,0.4991243432574431
0.9975,0.49924924924924924
0.9975,0.49937421777221525
0.9975,0.49949924887331
0.9975,0.4996243425995492
0.9975,0.499749498997996
0.9975,0.49987471811576045
0.997,0.49974937343358394
0.997,0.4998746553020807
0.997,0.5
0.997,0.5001254075746175
0.997,0.5002508780732564
0.997,0.5003764115432874
0.997,0.5005020080321285
0.997,0.5006276675872458
0.997,0.5007533902561527
0.997,0.5008791760864104
0.997,0.5010050251256282
0.997,0.5011309374214626
0.997,0.5012569130216189
0.997,0.5013829519738496
0.997,0.5015090543259557
0.9965,0.5013836477987421
0.9965,0.5015098137896327
0.9965,0.5016360432922226
0.9965,0.5017623363544814
0.9965,0.5018886930244271
0.9965,0.5020151133501259
0.9965,0.5021415973796927
0.9965,0.5022681451612904
0.9965,0.5023947567431308
0.9965,0.5025214321734746
0.9965,0.5026481715006306
0.9965,0.5027749747729566
0.9965,0.5029018420388595
0.9965,0.5030287733467945
0.9965,0.5031557687452664
0.9965,0.5032828282828283
0.9965,0.5034099520080828
0.9965,0.5035371399696816
0.9965,0.5036643922163255
0.9965,0.5037917087967644
0.9965,0.5039190897597977
0.9965,0.5040465351542741
0.9965,0.5041740450290918
0.9965,0.5043016194331984
0.9965,0.5044292584155909
0.9965,0.5045569620253164
0.9965,0.5046847303114712
0.9965,0.5048125633232016
0.9965,0.5049404611097036
0.9965,0.505068423720223
0.9965,0.5051964512040558
0.9965,0.5053245436105477
0.9965,0.5054527009890946
0.9965,0.5055809233891426
0.9965,0.5057092108601877
0.9965,0.5058375634517767
0.996,0.5057121096725057
0.996,0.505840528186897
0.996,0.5059690119380239
0.996,0.5060975609756098
0.996,0.5062261753494282
0.996,0.5063548551093036
0.996,0.5064836003051106
0.996,0.5066124109867752
0.996,0.5067412872042737
0.996,0.5068702290076336
0.996,0.506999236446933
0.996,0.5071283095723014
0.996,0.5072574484339191
0.996,0.5073866530820174
0.996,0.507515923566879
0.996,0.5076452599388379
0.9955,0.5075197552893194
0.9955,0.5076491585925548
0.9955,0.5077786279010457
0.9955,0.5079081632653061
0.9955,0.508037764735902
0.9955,0.5081674323634507
0.9955,0.5082971661986214
0.9955,0.5084269662921348
0.9955,0.5085568326947637
0.9955,0.5086867654573326
0.9955,0.5088167646307181
0.9955,0.5089468302658486
0.9955,0.5090769624137049
0.9955,0.5092071611253197
0.9955,0.5093374264517779
0.9955,0.509467758444217
0.9955,0.5095981571538265
0.9955,0.5097286226318485
0.9955,0.5098591549295775
0.9955,0.5099897540983607
0.9955,0.5101204201895978
0.9955,0.5102511532547411
0.9955,0.5103819533452961
0.9955,0.5105128205128205
0.9955,0.5106437548089253
0.9955,0.5107747562852745
0.9955,0.5109058249935848
0.9955,0.5110369609856262
0.9955,0.5111681643132221
0.9955,0.5112994350282486
0.9955,0.5114307731826355
0.9955,0.5115621788283659
0.9955,0.5116936520174762
0.9955,0.5118251928020565
0.9955,0.5119568012342505
0.9955,0.5120884773662552
0.9955,0.5122202212503216
0.9955,0.5123520329387545
0.9955,0.5124839124839125
0.9955,0.512615859938208
0.9955,0.5127478753541076
0.9955,0.5128799587841318
0.9955,0.5130121102808555
0.9955,0.5131443298969072
0.9955,0.5132766176849703
0.9955,0.5134089736977824
0.9955,0.5135413979881351
0.9955,0.5136738906088751
0.9955,0.5138064516129033
0.9955,0.513939081053175
0.9955,0.5140717789827007
0.9955,0.5142045454545454
0.9955,0.514337380521829
0.9955,0.5144702842377261
0.9955,0.5146032566554666
0.9955,0.5147362978283351
0.9955,0.5148694078096716
0.9955,0.5150025866528711
0.9955,0.5151358344113842
0.995,0.5150103519668737
0.995,0.5151436707222367
0.995,0.5152770585189022
0.995,0.5154105154105154
0.995,0.5155440414507773
0.995,0.5156776366934439
0.995,0.5158113011923277
0.995,0.5159450350012963
0.995,0.5160788381742739
0.995,0.51621271076524
0.995,0.5163466528282304
0.995,0.5164806644173371
0.995,0.5166147455867082
0.995,0.5167488963905479
0.995,0.5168831168831168
0.995,0.5170174071187321
0.995,0.5171517671517671
0.995,0.5172861970366519
0.995,0.5174206968278731
0.995,0.517555266579974
0.995,0.5176899063475546
0.995,0.5178246161852719
0.995,0.5179593961478397
0.995,0.5180942462900286
0.995,0.5182291666666666
0.995,0.5183641573326387
0.995,0.5184992183428869
0.995,0.5186343497524107
0.995,0.5187695516162669
0.995,0.5189048239895697
0.995,0.5190401669274909
0.995,0.5191755804852596
0.995,0.5193110647181628
0.995,0.5194466196815453
0.995,0.5195822454308094
0.995,0.5197179420214155
0.995,0.5198537095088819
0.995,0.5199895479487849
0.995,0.520125457396759
0.995,0.5202614379084968
0.995,0.520397489539749
0.995,0.5205336123463249
0.995,0.5206698063840921
0.995,0.5208060717089767
0.995,0.5209424083769634
0.995,0.5210788164440953
0.995,0.5212152959664746
0.995,0.5213518470002619
0.995,0.5214884696016772
0.995,0.5216251638269986
0.995,0.5217619297325642
0.995,0.5218987673747705
0.995,0.5220356768100735
0.995,0.5221726580949881
0.995,0.5223097112860893
0.995,0.5224468364400106
0.995,0.5225840336134454
0.995,0.5227213028631469
0.995,0.5228586442459274
0.995,0.5229960578186597
0.995,0.5231335436382755
0.995,0.523271101761767
0.995,0.5234087322461862
0.995,0.5235464351486451
0.995,0.5236842105263158
0.995,0.5238220584364306
0.995,0.5239599789362822
0.995,0.5240979720832236
0.995,0.5242360379346681
0.995,0.5243741765480896
0.995,0.5245123879810226
0.995,0.5246506722910624
0.995,0.5247890295358649
0.995,0.5249274597731469
0.995,0.525065963060686
0.995,0.525204539456321
0.995,0.5253431890179514
0.995,0.5254819118035384
0.9945,0.5253565768621236
0.9945,0.5254953764861294
0.9945,0.5256342494714588
0.9945,0.5257731958762887
0.9945,0.5259122157588577
0.9945,0.5260513091774662
0.9945,0.5261904761904762
0.9945,0.5263297168563112
0.9945,0.5264690312334569
0.9945,0.5266084193804607
0.9945,0.5267478813559322
0.9945,0.526887417218543
0.9945,0.527027027027027
0.9945,0.5271667108401802
0.9945,0.527306468716861
0.9945,0.5274463007159904
0.9945,0.5275862068965518
0.9945,0.5277261873175909
0.9945,0.5278662420382165
0.9945,0.5280063711176002
0.9945,0.528146574614976
0.9945,0.5282868525896415
0.9945,0.5284272051009564
0.9945,0.5285676322083444
0.9945,0.5287081339712919
0.9945,0.5288487104493486
0.9945,0.5289893617021276
0.9945,0.5291300877893057
0.9945,0.5292708887706227
0.9945,0.5294117647058824
0.9945,0.5295527156549521
0.9945,0.529693741677763
0.9945,0.52983484283431
0.9945,0.5299760191846523
0.9945,0.5301172707889126
0.9945,0.530258597707278
0.9945,0.5304
0.9945,0.530541477727394
0.9945,0.5306830309498399
0.9945,0.5308246597277823
0.9945,0.5309663641217298
0.9945,0.5311081441922564
0.9945,0.53125
0.9945,0.5313919316056639
0.9945,0.531533939070016
0.994,0.5314087142475274
0.994,0.5315508021390374
0.994,0.5316929660336989
0.994,0.5318352059925093
0.994,0.5319775220765319
0.994,0.5321199143468951
0.994,0.5322623828647925
0.994,0.5324049276914836
0.994,0.5325475488882936
0.994,0.5326902465166131
0.994,0.5328330206378987
0.994,0.532975871313673
0.994,0.5331187986055242
0.994,0.5332618025751072
0.9935,0.5331365709686074
0.9935,0.5332796564680623
0.9935,0.5334228187919463
0.9935,0.5335660580021482
0.993,0.5334407735697019
0.9925,0.5333154218162278
0.9925,0.5334587476484816
0.9925,0.5336021505376344
0.9925,0.5337456305458457
0.9925,0.5338891877353416
0.9925,0.5340328221684154
0.9925,0.5341765339074274
0.9925,0.5343203230148048
0.9925,0.5344641895530425
0.9925,0.5346081335847024
0.9925,0.5347521551724138
0.9925,0.5348962543788737
0.9925,0.5350404312668463
0.9925,0.5351846858991642
0.9925,0.535329018338727
0.9925,0.5354734286485028
0.9925,0.5356179168915273
0.9925,0.5357624831309041
0.9925,0.5359071274298056
0.9925,0.5360518498514718
0.9925,0.5361966504592113
0.9925,0.536341529316401
0.9925,0.5364864864864864
0.9925,0.5366315220329819
0.9925,0.53677663601947
0.9925,0.5369218285096024
0.9925,0.5370670995670995
0.9925,0.5372124492557511
0.9925,0.5373578776394152
0.9925,0.5375033847820201
0.9925,0.5376489707475623
0.9925,0.5377946356001083
0.9925,0.537940379403794
0.9925,0.5380862022228247
0.992,0.5379609544468547
0.992,0.5381068619473827
0.992,0.5382528486163863
0.992,0.5383989145183175
0.992,0.5385450597176982
0.992,0.5386912842791203
0.992,0.538837588267246
0.992,0.5389839717468079
0.9915,0.5388586956521739
0.9915,0.5390051644468605
0.991,0.5388798259923872
0.991,0.539026380201251
0.991,0.5391730141458106
0.991,0.5393197278911565
0.991,0.5394665215024497
0.9905,0.5393411380343044
0.9905,0.539488017429194
0.9905,0.5396349768455462
0.99,0.5395095367847411
0.99,0.5396565821749796
0.99,0.5398037077426391
0.99,0.5399509135533134
0.99,0.5400981996726678
0.99,0.5402455661664393
0.99,0.5403930131004366
0.99,0.5405405405405406
0.99,0.5406881485527034
0.99,0.54083583720295
0.99,0.5409836065573771
0.99,0.5411314566821536
0.99,0.541279387643521
0.99,0.5414273995077933
0.9895,0.5413019693654267
0.9895,0.5414500683994528
0.9895,0.5415982484948002
0.9895,0.54174650971804
0.9895,0.541894852135816
0.9895,0.5420432758148452
0.9895,0.5421917808219178
0.989,0.5420663195395999
0.989,0.5422149122807017
0.989,0.5423635865094598
0.989,0.5425123422929238
0.989,0.5426611796982167
0.989,0.5428100987925357
0.989,0.5429590996431513
0.989,0.543108182317408
0.9885,0.5429826970612469
0.988,0.5428571428571428
0.988,0.5430063204176971
0.988,0.543155579989005
0.988,0.5433049216387132
0.988,0.5434543454345434
0.988,0.5436038514442916
0.988,0.5437534397358282
0.9875,0.5436278557665841
0.9875,0.5437775330396476
0.9875,0.5439272927568163
0.9875,0.5440771349862259
0.9875,0.5442270597960871
0.987,0.5441014332965821
0.987,0.544251447477254
0.987,0.5444015444015444
0.9865,0.5442758620689655
0.9865,0.5444260485651214
0.9865,0.5445763179685343
0.986,0.5444505797901712
0.986,0.5446009389671361
0.9855,0.5444751381215469
0.9855,0.5446255871787786
0.9855,0.5447761194029851
0.9855,0.5449267348631462
0.9855,0.5450774336283186
0.9855,0.5452282157676348
0.9855,0.5453790813503043
0.985,0.5452532521450318
0.985,0.5454042081949059
0.9845,0.5452783162558847
0.9845,0.5454293628808864
0.9845,0.5455804932114159
0.9845,0.5457317073170732
0.9845,0.5458830052675353
0.9845,0.5460343871325568
0.9845,0.5461858529819695
0.9845,0.5463374028856826
0.9845,0.546489036913683
0.9845,0.5466407551360355
0.9845,0.5467925576228825
0.9845,0.5469444444444445
0.984,0.5468185607113087
0.984,0.5469705391884381
0.984,0.5471226021684737
0.984,0.5472747497219133
0.984,0.5474269819193324
0.984,0.5475792988313857
0.984,0.547731700528806
0.984,0.5478841870824054
0.984,0.5480367585630743
0.984,0.5481894150417828
0.984,0.5483421565895793
0.984,0.5484949832775919
0.984,0.5486478951770282
0.984,0.5488008923591746
0.984,0.5489539748953974
0.984,0.5491071428571429
0.984,0.5492603963159364
0.984,0.5494137353433836
0.984,0.5495671600111701
0.984,0.5497206703910614
0.984,0.5498742665549036
0.984,0.5500279485746227
0.984,0.5501817165222254
0.984,0.5503355704697986
0.984,0.5504895104895104
0.984,0.5506435366536094
0.984,0.5507976490344249
0.984,0.5509518477043673
0.984,0.5511061327359283
0.984,0.5512605042016807
0.984,0.5514149621742785
0.9835,0.5512892376681614
0.9835,0.5514437902999719
0.9835,0.5515984296130118
0.9835,0.5517531556802244
0.9835,0.5519079685746352
0.983,0.5517822060061746
0.983,0.5519371139809096
0.983,0.5520921089581579
0.983,0.552247191011236
0.983,0.5524023602135432
0.983,0.552557616638561
0.983,0.5527129603598538
0.983,0.5528683914510686
0.983,0.5530239099859353
0.983,0.5531795160382668
0.9825,0.5530537573881227
0.9825,0.5532094594594594
0.9825,0.5533652492255703
0.9825,0.5535211267605634
0.9825,0.5536770921386306
0.9825,0.5538331454340474
0.9825,0.5539892867211729
0.9825,0.5541455160744501
0.9825,0.5543018335684062
0.9825,0.5544582392776524
0.9825,0.554614733276884
0.9825,0.5547713156408809
0.9825,0.5549279864445072
0.9825,0.5550847457627118
0.9825,0.5552415936705284
0.9825,0.5553985302430752
0.9825,0.5555555555555556
0.9825,0.5557126696832579
0.9825,0.5558698727015559
0.982,0.5557441992076967
0.982,0.5559015001415227
0.982,0.5560588901472253
0.982,0.5562163693004815
0.982,0.5563739376770538
0.9815,0.5562482289600453
0.981,0.5561224489795918
0.9805,0.5559965976750779
0.9805,0.5561542824730573
0.9805,0.5563120567375887
0.9805,0.5564699205448355
0.9805,0.5566278739710474
0.9805,0.5567859170925611
0.9805,0.5569440499857995
0.9805,0.5571022727272728
0.9805,0.5572605853935777
0.98,0.557134735645253
0.98,0.5572931475689508
0.98,0.5574516496018203
0.98,0.5576102418207681
0.98,0.5577689243027888
0.98,0.5579276971249644
0.98,0.5580865603644647
0.98,0.5582455140985474
0.98,0.5584045584045584
0.98,0.5585636933599316
0.98,0.5587229190421893
0.98,0.5588822355289421
0.98,0.5590416428978894
0.98,0.5592011412268189
0.98,0.5593607305936074
0.98,0.5595204110762204
0.98,0.5596801827527127
0.98,0.5598400457012283
0.98,0.56
0.98,0.5601600457273507
0.98,0.5603201829616924
0.98,0.5604804117815271
0.98,0.5606407322654462
0.98,0.5608011444921316
0.98,0.5609616485403549
0.98,0.561122244488978
0.98,0.561282932416953
0.98,0.5614437124033228
0.98,0.5616045845272206
0.98,0.5617655488678704
0.98,0.5619266055045872
0.98,0.5620877545167766
0.98,0.5622489959839357
0.9795,0.5621233859397418
0.9795,0.562284730195178
0.9795,0.5624461670973299
0.9795,0.5626076967260195
0.9795,0.5627693191611606
0.9795,0.5629310344827586
0.9795,0.5630928427709112
0.979,0.5629672225416906
0.979,0.5631291343111878
0.979,0.5632911392405063
0.979,0.5634532374100719
0.979,0.563615428900403
0.979,0.5637777137921106
0.9785,0.5636520737327189
0.9785,0.5638144626908672
0.9785,0.5639769452449568
0.9785,0.5641395214759297
0.9785,0.5643021914648212
0.9785,0.5644649552927603
0.9785,0.5646278130409694
0.9785,0.5647907647907648
0.9785,0.5649538106235565
0.9785,0.565116950620849
0.9785,0.5652801848642404
0.9785,0.5654435134354233
0.9785,0.565606936416185
0.9785,0.5657704538884071
0.9785,0.5659340659340659
0.9785,0.5660977726352329
0.9785,0.5662615740740741
0.9785,0.566425470332851
0.9785,0.5665894614939201
0.9785,0.5667535476397335
0.9785,0.566917728852839
0.9785,0.5670820052158795
0.9785,0.5672463768115942
0.978,0.5671209046100318
0.978,0.5672853828306265
0.978,0.5674499564838991
0.978,0.567614625652931
0.978,0.5677793904208999
0.978,0.5679442508710801
0.978,0.5681092070868429
0.978,0.568274259151656
0.978,0.5684394071490846
0.978,0.5686046511627907
0.978,0.5687699912765338
0.978,0.568935427574171
0.978,0.5691009601396567
0.978,0.5692665890570431
0.978,0.5694323144104804
0.978,0.5695981362842166
0.978,0.5697640547625983
0.978,0.5699300699300699
0.978,0.5700961818711746
0.978,0.570262390670554
0.978,0.5704286964129484
0.978,0.5705950991831972
0.978,0.5707615990662387
0.978,0.5709281961471103
0.978,0.5710948905109489
0.978,0.5712616822429907
0.978,0.5714285714285714
0.978,0.5715955581531268
0.978,0.5717626425021923
0.978,0.5719298245614035
0.978,0.5720971044164961
0.978,0.572264482153306
0.978,0.57243195785777
0.978,0.572599531615925
0.978,0.5727672035139092
0.9775,0.5726420620972467
0.977,0.5725168473483738
0.977,0.5726846424384525
0.977,0.5728525359132219
0.977,0.5730205278592375
0.977,0.5731886183631564
0.9765,0.5730633802816901
0.9765,0.5732315820369827
0.9765,0.5733998825601879
0.9765,0.573568281938326
0.9765,0.5737367802585194
0.9765,0.573905377607993
0.976,0.5737801293356849
0.976,0.5739488385768892
0.976,0.5741176470588235
0.976,0.5742865548690791
0.976,0.5744555620953502
0.976,0.5746246688254342
0.976,0.574793875147232
0.976,0.5749631811487481
0.976,0.5751325869180908
0.976,0.5753020925434719
0.976,0.5754716981132075
0.976,0.575641403715718
0.976,0.575811209439528
0.976,0.5759811153732665
0.976,0.5761511216056671
0.976,0.5763212282255683
0.9755,0.5761961015948022
0.9755,0.5763663220088626
0.9755,0.5765366430260047
0.9755,0.5767070647354419
0.9755,0.5768775872264932
0.9755,0.5770482105885832
0.9755,0.5772189349112427
0.9755,0.5773897602841077
0.9755,0.5775606867969213
0.9755,0.5777317145395321
0.9755,0.5779028436018957
0.9755,0.5780740740740741
0.9755,0.578245406046236
0.9755,0.578416839608657
0.9755,0.5785883748517201
0.9755,0.5787600118659152
0.9755,0.5789317507418398
0.9755,0.5791035915701989
0.9755,0.5792755344418052
0.9755,0.5794475794475794
0.9755,0.5796197266785502
0.9755,0.5797919762258544
0.975,0.579667063020214
0.975,0.5798394290811775
0.975,0.5800118976799524
0.975,0.5801844689080631
0.975,0.5803571428571429
0.975,0.5805299196189342
0.975,0.5807027992852889
0.975,0.580875781948168
0.975,0.5810488676996425
0.9745,0.5809239940387482
0.9745,0.5810971973762672
0.9745,0.5812705040262451
0.9745,0.5814439140811456
0.9745,0.5816174276335422
0.974,0.5814925373134329
0.974,0.5816661690056734
0.974,0.5818399044205496
0.974,0.5820137436510308
0.974,0.5821876867901973
0.974,0.5823617339312407
0.974,0.5825358851674641
0.974,0.5827101405922824
0.974,0.582884500299222
0.974,0.5830589643819216
0.974,0.5832335329341317
0.974,0.5834082060497154
0.974,0.5835829838226483
0.974,0.5837578663470183
0.974,0.5839328537170264
0.974,0.5841079460269865
0.974,0.5842831433713257
0.9735,0.5841584158415841
0.9735,0.5843337334933973
0.9735,0.5845091564094866
0.9735,0.5846846846846847
0.9735,0.5848603184139382
0.9735,0.5850360576923077
0.9735,0.5852119026149685
0.9735,0.5853878532772099
0.9735,0.5855639097744361
0.9735,0.5857400722021661
0.9735,0.5859163406560337
0.9735,0.5860927152317881
0.973,0.5859680819030413
0.973,0.5861445783132531
0.973,0.5863211810786382
0.973,0.5864978902953587
0.973,0.5866747060596925
0.973,0.5868516284680337
0.973,0.5870286576168929
0.973,0.5872057936028968
0.973,0.587383036522789
0.973,0.5875603864734299
0.973,0.587737843551797
0.973,0.5879154078549849
0.973,0.5880930794802055
0.9725,0.587968561064087
0.9725,0.5881463562140913
0.9725,0.58832425892317
0.9725,0.5885022692889561
0.972,0.5883777239709443
0.972,0.5885558583106267
0.972,0.5887341005451242
0.972,0.5889124507724932
0.9715,0.5887878787878787
0.9715,0.5889663534404365
0.9715,0.5891449363250455
0.9715,0.5893236275401881
0.9715,0.589502427184466
0.9715,0.5896813353566009
0.9715,0.5898603521554341
0.9715,0.5900394776799271
0.9715,0.5902187120291617
0.971,0.59009419629292
0.971,0.5902735562310031
0.9705,0.5901489814533293
0.9705,0.5903284671532847
0.9705,0.5905080620626711
0.9705,0.5906877662811929
0.9705,0.5908675799086758
0.9705,0.591047503045067
0.9705,0.5912275357904356
0.9705,0.5914076782449725
0.9705,0.5915879305089912
0.9705,0.5917682926829269
0.9705,0.5919487648673376
0.9705,0.5921293471629042
0.9705,0.5923100396704303
0.97,0.5921855921855922
0.97,0.5923664122137404
0.97,0.592547342700061
0.97,0.592728383745799
0.97,0.5929095354523227
0.9695,0.5927850810149802
0.9695,0.5929663608562691
0.969,0.5928418476598348
0.969,0.5930232558139535
0.969,0.5932047750229569
0.9685,0.5930802204531537
0.9685,0.5932618683001532
0.9685,0.5934436274509803
0.9685,0.5936254980079682
0.9685,0.5938074800735745
0.968,0.5936829193498927
0.968,0.5938650306748466
0.968,0.5940472537588217
0.968,0.5942295887047269
0.968,0.5944120356155972
0.968,0.5945945945945946
0.9675,0.5944700460829493
0.967,0.5943454210202828
0.967,0.5945281278819551
0.967,0.5947109471094711
0.967,0.5948938788065211
0.967,0.5950769230769231
0.967,0.5952600800246229
0.967,0.5954433497536946
0.967,0.59562673236834
0.967,0.5958102279728897
0.967,0.5959938366718027
0.967,0.596177558569667
0.967,0.5963613937711995
0.967,0.5965453423812461
0.967,0.5967294045047825
0.967,0.5969135802469135
0.967,0.5970978697128744
0.967,0.5972822730080296
0.967,0.5974667902378745
0.967,0.5976514215080346
0.967,0.5978361669242659
0.967,0.5980210265924552
0.967,0.5982060006186205
0.967,0.5983910891089109
0.967,0.598576292169607
0.967,0.5987616099071208
0.967,0.5989470424279962
0.967,0.5991325898389095
0.967,0.5993182522466687
0.967,0.5995040297582145
0.9665,0.5993798449612403
0.9665,0.5995657568238213
0.9665,0.5997517840521254
0.9665,0.5999379267535692
0.966,0.5998137224464452
0.966,0.6
0.966,0.6001863932898416
0.966,0.6003729024238658
0.966,0.6005595275101026
0.966,0.6007462686567164
0.966,0.6009331259720062
0.966,0.6011200995644057
0.966,0.6013071895424836
0.966,0.6014943960149439
0.966,0.601681719090626
0.966,0.6018691588785047
0.966,0.6020567154876909
0.966,0.6022443890274314
0.966,0.6024321796071095
0.966,0.6026200873362445
0.966,0.6028081123244929
0.966,0.602996254681648
0.966,0.6031845145176397
0.966,0.603372891942536
0.966,0.6035613870665417
0.966,0.60375
0.966,0.6039387308533917
0.966,0.6041275797373359
0.966,0.60431654676259
0.966,0.60450563204005
0.966,0.6046948356807512
0.966,0.6048841577958672
0.966,0.6050735984967116
0.966,0.6052631578947368
0.966,0.6054528361015356
0.966,0.6056426332288402
0.966,0.605832549388523
0.966,0.6060225846925973
0.966,0.6062127392532162
0.966,0.6064030131826742
0.966,0.6065934065934065
0.966,0.6067839195979899
0.9655,0.606660383286208
0.9655,0.6068510370835952
0.9655,0.607041810751336
0.9655,0.6072327044025158
0.9655,0.6074237181503618
0.9655,0.6076148521082442
0.9655,0.6078061063896758
0.9655,0.6079974811083123
0.9655,0.6081889763779528
0.965,0.6080655324511657
0.965,0.6082571698707847
0.965,0.6084489281210592
0.965,0.608640807316304
0.965,0.6088328075709779
0.965,0.6090249289996844
0.965,0.6092171717171717
0.965,0.6094095358383328
0.965,0.609602021478206
0.965,0.6097946287519748
0.965,0.6099873577749684
0.965,0.610180208662662
0.9645,0.610056925996205
0.9645,0.6102499209111041
0.9645,0.6104430379746836
0.9645,0.610636277302944
0.9645,0.6108296390120329
0.9645,0.6110231232182451
0.964,0.6108998732572877
0.964,0.6110935023771791
0.964,0.611287254280279
0.9635,0.6111639708214399
0.9635,0.6113578680203046
0.9635,0.611551888289432
0.963,0.6114285714285714
0.963,0.6116227373769451
0.963,0.6118170266836086
0.9625,0.6116936765173181
0.9625,0.6118881118881119
0.9625,0.6120826709062003
0.9625,0.6122773536895675
0.9625,0.6124721603563474
0.9625,0.612667091024825
0.962,0.6125437758675581
0.9615,0.6124203821656051
0.9615,0.6126154826377828
0.9615,0.612810707456979
0.9615,0.6130060567421103
0.9615,0.6132015306122449
0.9615,0.6133971291866028
0.9615,0.6135928525845564
0.961,0.6134695180338334
0.9605,0.6133461047254151
0.96,0.613222612583839
0.96,0.6134185303514377
0.96,0.613614573346117
0.96,0.6138107416879796
0.96,0.6140070354972818
0.96,0.6142034548944337
0.96,0.6144
0.96,0.614596670934699
0.96,0.6147934678194045
0.96,0.6149903907751442
0.96,0.6151874399231015
0.96,0.6153846153846154
0.96,0.6155819172811798
0.96,0.6157793457344451
0.96,0.6159769008662175
0.96,0.6161745827984596
0.96,0.6163723916532905
0.9595,0.6162491971740527
0.9595,0.6164471570831995
0.9595,0.6166452442159382
0.9595,0.6168434586949534
0.9595,0.6170418006430868
0.9595,0.6172402701833387
0.9595,0.6174388674388674
0.959,0.6173157386546508
0.959,0.6175144880875725
0.959,0.6177133655394524
0.959,0.6179123711340206
0.959,0.618111504995166
0.959,0.6183107672469375
0.959,0.618510158013544
0.959,0.6187096774193548
0.959,0.6189093255888997
0.959,0.6191091026468689
0.9585,0.6189861155957378
0.958,0.6188630490956072
0.958,0.6190630048465267
0.9575,0.618939883645766
0.9575,0.619139993533786
0.9575,0.619340232858991
0.9575,0.6195406017470074
0.9575,0.6197411003236246
0.9575,0.6199417287147945
0.9575,0.6201424870466321
0.9575,0.6203433754454163
0.9575,0.6205443940375891
0.957,0.6204213938411669
0.957,0.6206225680933852
0.957,0.6208238728511191
0.957,0.6210253082414017
0.957,0.6212268743914313
0.957,0.6214285714285714
0.957,0.6216303994803508
0.957,0.621832358674464
0.957,0.6220344491387715
0.957,0.6222366710013004
0.957,0.6224390243902439
0.957,0.6226415094339622
0.957,0.6228441262609827
0.957,0.623046875
0.957,0.6232497557798763
0.9565,0.6231270358306189
0.9565,0.6233300749429782
0.9565,0.6235332464146024
0.9565,0.6237365503749592
0.9565,0.6239399869536856
0.9565,0.6241435562805873
0.9565,0.6243472584856397
0.9565,0.6245510936989879
0.9565,0.6247550620509471
0.9565,0.6249591636720027
0.9565,0.6251633986928105
0.956,0.625040863027133
0.956,0.6252452583387835
0.956,0.6254497873732418
0.956,0.6256544502617801
0.956,0.6258592471358428
0.956,0.6260641781270465
0.956,0.6262692433671798
0.956,0.6264744429882044
0.956,0.626679777122255
0.956,0.6268852459016393
0.956,0.627090849458839
0.956,0.6272965879265092
0.956,0.6275024614374795
0.9555,0.6273801707156927
0.9555,0.6275862068965518
0.9555,0.6277923784494087
0.9555,0.6279986855077226
0.9555,0.6282051282051282
0.9555,0.6284117066754357
0.9555,0.6286184210526315
0.9555,0.6288252714708786
0.9555,0.6290322580645161
0.9555,0.6292393809680605
0.9555,0.6294466403162056
0.9555,0.6296540362438221
0.9555,0.6298615688859591
0.9555,0.6300692383778437
0.9555,0.6302770448548812
0.9555,0.6304849884526559
0.9555,0.6306930693069307
0.9555,0.630901287553648
0.955,0.630779392338177
0.955,0.6309877766765775
0.955,0.6311962987442168
0.955,0.631404958677686
0.955,0.6316137566137566
0.955,0.6318226926893814
0.955,0.6320317670416943
0.9545,0.6319099635882158
0.9545,0.6321192052980132
0.9545,0.6323285856243789
0.9545,0.6325381047051027
0.9545,0.6327477626781571
0.9545,0.6329575596816976
0.9545,0.6331674958540631
0.9545,0.6333775713337757
0.9545,0.6335877862595419
0.9545,0.6337981407702523
0.954,0.6336765194287612
0.954,0.6338870431893687
0.954,0.634097706879362
0.954,0.6343085106382979
0.954,0.6345194546059195
0.954,0.6347305389221557
0.954,0.6349417637271214
0.9535,0.6348202396804261
0.9535,0.6350316350316351
0.9535,0.6352431712191872
0.9535,0.635454848383872
0.9535,0.6356666666666667
0.9535,0.6358786262087363
0.9535,0.6360907271514343
0.9535,0.636302969636303
0.9535,0.6365153538050734
0.9535,0.6367278797996662
0.9535,0.636940547762191
0.9535,0.6371533578349482
0.9535,0.6373663101604278
0.953,0.6372450685389501
0.953,0.6374581939799331
0.953,0.637671462027434
0.953,0.6378848728246319
0.953,0.6380984265148979
0.953,0.6383121232417951
0.953,0.6385259631490787
0.9525,0.6384048257372654
0.952,0.6382836071069393
0.952,0.6384976525821596
0.952,0.6387118416638712
0.952,0.6389261744966444
0.952,0.6391406512252433
0.952,0.6393552719946273
0.952,0.6395700369499496
0.952,0.6397849462365591
0.952,0.64
0.9515,0.6398789509078682
0.9515,0.6400941809619912
0.951,0.6399730820995962
0.951,0.6401884887243352
0.951,0.6404040404040404
0.9505,0.6402829235432805
0.9505,0.6404986522911051
0.9505,0.6407145264577013
0.9505,0.6409305461901551
0.95,0.6408094435075885
0.95,0.6410256410256411
0.95,0.6412419844751941
0.95,0.6414584740040513
0.9495,0.6413373860182371
0.9495,0.6415540540540541
0.9495,0.6417708685366678
0.9495,0.6419878296146044
0.9495,0.6422049374365911
0.9495,0.6424221921515562
0.9495,0.6426395939086295
0.949,0.6425186188219364
0.949,0.6427362004740942
0.949,0.6429539295392954
0.9485,0.642832937987123
0.948,0.6427118644067796
0.948,0.6429298067141404
0.948,0.6431478968792401
0.948,0.6433661350525959
0.948,0.6435845213849287
0.948,0.6438030560271647
0.9475,0.6436820652173914
0.9475,0.6439007815154604
0.9475,0.6441196464989802
0.9475,0.6443386603196192
0.9475,0.6445578231292517
0.947,0.6444368832936372
0.947,0.6446562287270252
0.947,0.644875723527409
0.9465,0.6447547683923706
0.9465,0.6449744463373084
0.9465,0.6451942740286298
0.9465,0.6454142516195022
0.9465,0.6456343792633015
0.9465,0.6458546571136131
0.9465,0.6460750853242321
0.9465,0.6462956640491635
0.9465,0.6465163934426229
0.9465,0.6467372736590365
0.9465,0.6469583048530417
0.9465,0.6471794871794871
0.9465,0.6474008207934336
0.9465,0.6476223058501539
0.946,0.6475017111567419
0.946,0.6477233824032865
0.946,0.647945205479452
0.946,0.6481671805412813
0.9455,0.6480466072652502
0.9455,0.6482687692835104
0.9455,0.6484910836762688
0.9455,0.6487135506003431
0.9455,0.648936170212766
0.9455,0.6491589426707861
0.945,0.6490384615384616
0.945,0.6492614221916867
0.9445,0.6491408934707904
0.9445,0.6493640426263321
0.9445,0.6495873452544704
0.9445,0.6498108015135879
0.9445,0.6500344115622849
0.9445,0.6502581755593804
0.9445,0.6504820936639119
0.9445,0.6507061660351361
0.9445,0.6509303928325293
0.9445,0.6511547742157877
0.9445,0.6513793103448275
0.9445,0.6516040013797861
0.9445,0.6518288474810214
0.9445,0.6520538488091129
0.9445,0.6522790055248618
0.9445,0.6525043177892919
0.9445,0.6527297857636489
0.9445,0.652955409609402
0.9445,0.6531811894882434
0.9445,0.6534071255620892
0.9445,0.6536332179930796
0.9445,0.6538594669435791
0.944,0.6537396121883656
0.9435,0.6536196744024939
0.9435,0.6538461538461539
0.9435,0.6540727902946274
0.9435,0.6542995839112344
0.9435,0.6545265348595213
0.943,0.6544066620402498
0.943,0.6546338077056577
0.9425,0.6545138888888888
0.9425,0.6547412295936089
0.9425,0.6549687282835303
0.9425,0.6551963851233924
0.9425,0.6554242002781642
0.9425,0.6556521739130434
0.9425,0.6558803061934586
0.942,0.6557605290636965
0.942,0.6559888579387186
0.942,0.6562173458725182
0.9415,0.6560975609756098
0.9415,0.6563262460787731
0.9415,0.6565550906555091
0.9415,0.6567840948726892
0.9415,0.657013258897418
0.9415,0.6572425828970332
0.9415,0.6574720670391061
0.9415,0.6577017114914425
0.9415,0.6579315164220825
0.9415,0.6581614819993009
0.9415,0.6583916083916084
0.9415,0.658621895767751
0.9415,0.658852344296711
0.9415,0.6590829541477073
0.9415,0.6593137254901961
0.9415,0.6595446584938705
0.9415,0.6597757533286616
0.9415,0.6600070101647388
0.9415,0.6602384291725105
0.9415,0.6604700105226237
0.941,0.6603508771929825
0.9405,0.6602316602316602
0.9405,0.6604634831460674
0.94,0.6603442219880576
0.94,0.6605762473647224
0.94,0.6608084358523726
0.94,0.6610407876230661
0.94,0.661273302849103
0.94,0.661505981703026
0.94,0.6617388243576205
0.94,0.6619718309859155
0.94,0.6622050017611835
0.94,0.6624383368569415
0.94,0.662671836446951
0.94,0.6629055007052186
0.94,0.6631393298059964
0.9395,0.6630204657727593
0.9395,0.6632545005294741
0.9395,0.6634887005649718
0.9395,0.6637230660543978
0.9395,0.6639575971731448
0.9395,0.664192294096854
0.9395,0.6644271570014144
0.9395,0.6646621860629642
0.9395,0.664897381457891
0.939,0.6647787610619469
0.939,0.6650141643059491
0.939,0.665249734325186
0.939,0.6654854712969526
0.939,0.6657213753987947
0.939,0.6659574468085107
0.9385,0.6658389499822632
0.9385,0.6660752306600426
0.938,0.665956691515797
0.9375,0.6658380681818182
0.9375,0.6660746003552398
0.9375,0.6663113006396588
0.937,0.6661926768574475
0.937,0.666429587482219
0.937,0.6666666666666666
0.937,0.6669039145907474
0.9365,0.6667853328586686
0.9365,0.667022792022792
0.9365,0.6672604203776273
0.9365,0.6674982181040627
0.9365,0.6677361853832442
0.9365,0.6679743223965763
0.9365,0.6682126293257225
0.9365,0.6684511063526053
0.9365,0.6686897536594073
0.9365,0.6689285714285714
0.936,0.6688102893890675
0.936,0.6690493209435311
0.936,0.6692885234179478
0.936,0.6695278969957081
0.936,0.6697674418604651
0.9355,0.6696492483894059
0.935,0.66953097028285
0.9345,0.6694126074498568
0.9345,0.6696524543174489
0.9345,0.6698924731182796
0.9345,0.6701326640372893
0.9345,0.6703730272596844
0.9345,0.6706135629709364
0.934,0.6704953338119167
0.934,0.6707360861759426
0.934,0.6709770114942529
0.9335,0.6708587854832914
0.9335,0.6710999281092739
0.9335,0.6713412441567781
0.9335,0.6715827338129496
0.933,0.671464555595538
0.933,0.67170626349892
0.933,0.6719481454807346
0.933,0.6721902017291066
0.933,0.6724324324324324
0.933,0.67267483777938
0.933,0.6729174179588893
0.933,0.6731601731601732
0.933,0.6734031035727174
0.933,0.6736462093862816
0.933,0.6738894907908992
0.933,0.6741329479768786
0.9325,0.6740151788941091
0.9325,0.6742588575560376
0.9325,0.674502712477396
0.9325,0.6747467438494935
0.9325,0.674990951863916
0.9325,0.6752353367125271
0.9325,0.6754798985874683
0.9325,0.6757246376811594
0.9325,0.6759695541862993
0.9325,0.6762146482958665
0.9325,0.6764599202031193
0.9325,0.6767053701015965
0.9325,0.676950998185118
0.9325,0.6771968046477851
0.9325,0.6774427896839811
0.9325,0.6776889534883721
0.9325,0.677935296255907
0.9325,0.6781818181818182
0.9325,0.6784285194616224
0.9325,0.6786754002911208
0.932,0.6785584273753186
0.9315,0.6784413692643846
0.9315,0.6786885245901639
0.9315,0.6789358600583091
0.9315,0.6791833758658403
0.9315,0.6794310722100656
0.9315,0.6796789492885809
0.9315,0.67992700729927
0.9315,0.6801752464403067
0.9315,0.6804236669101534
0.9315,0.680672268907563
0.9315,0.680921052631579
0.9315,0.6811700182815357
0.931,0.6810534016093636
0.931,0.68130259787779
0.931,0.6815519765739385
0.931,0.6818015378982057
0.931,0.6820512820512821
0.931,0.6823012092341517
0.931,0.6825513196480938
0.9305,0.6824349101576824
0.9305,0.6826852531181218
0.9305,0.6829357798165138
0.9305,0.683186490455213
0.9305,0.6834373852368711
0.93,0.6833210874357091
0.9295,0.6832047041528849
0.9295,0.6834558823529412
0.9295,0.683707245310776
0.929,0.6835908756438558
0.929,0.6838424733161576
0.929,0.6840942562592047
0.9285,0.6839779005524862
0.9285,0.6842299189388357
0.9285,0.6844821231109472
0.9285,0.6847345132743363
0.9285,0.6849870896348211
0.9285,0.685239852398524
0.9285,0.6854928017718716
0.9285,0.6857459379615952
0.9285,0.6859992611747322
0.9285,0.6862527716186253
0.9285,0.6865064695009242
0.9285,0.6867603550295858
0.9285,0.6870144284128746
0.9285,0.6872686898593634
0.9285,0.6875231395779341
0.928,0.6874074074074074
0.9275,0.6872915894775843
0.927,0.687175685693106
0.927,0.6874304783092324
0.927,0.6876854599406528
0.927,0.6879406307977737
0.927,0.688195991091314
0.927,0.688451541032306
0.9265,0.6883358098068351
0.9265,0.6885916016350799
0.9265,0.6888475836431227
0.926,0.6887318705838602
0.9255,0.6886160714285714
0.9255,0.6888723483438779
0.9255,0.6891288160833954
0.9255,0.6893854748603352
0.9255,0.6896423248882265
0.9255,0.6898993663809169
0.9255,0.6901565995525727
0.925,0.6900410294666169
0.925,0.6902985074626866
0.9245,0.6901829040686823
0.9245,0.6904406273338313
0.9245,0.6906985431453119
0.9245,0.6909566517189836
0.924,0.6908411214953271
0.9235,0.6907255048616305
0.9235,0.6909839132061354
0.923,0.6908682634730539
0.923,0.6911269187570198
0.923,0.6913857677902622
0.923,0.6916448107905583
0.923,0.691904047976012
0.923,0.6921634795650544
0.923,0.6924231057764441
0.923,0.6926829268292682
0.923,0.6929429429429429
0.923,0.6932031543372137
0.923,0.6934635612321562
0.923,0.6937241638481774
0.923,0.693984962406015
0.923,0.6942459571267394
0.9225,0.6941309255079007
0.9225,0.6943921716221302
0.9225,0.6946536144578314
0.9225,0.6949152542372882
0.9225,0.6951770911831198
0.9225,0.6954391255182812
0.9225,0.6957013574660633
0.9225,0.6959637872500943
0.922,0.6958490566037736
0.922,0.6961117402793507
0.922,0.6963746223564955
0.922,0.696637703060068
0.922,0.6969009826152683
0.922,0.6971644612476371
0.922,0.697428139183056
0.922,0.6976920166477488
0.922,0.6979560938682816
0.922,0.6982203710715638
0.9215,0.6981060606060606
0.9215,0.698370594922319
0.9215,0.6986353297952995
0.9215,0.6989002654531665
0.9215,0.6991654021244309
0.921,0.6990512333965845
0.9205,0.6989369779802581
0.9205,0.6992024306874288
0.9205,0.699468085106383
0.92,0.6993538578487267
0.92,0.6996197718631179
0.92,0.699885888170407
0.92,0.700152207001522
0.92,0.7004187285877427
0.9195,0.7003046458492003
0.9195,0.7005714285714286
0.9195,0.7008384146341463
0.919,0.7007243614182234
0.919,0.7009916094584286
0.919,0.7012590614269363
0.919,0.7015267175572519
0.919,0.7017945780832379
0.919,0.7020626432391138
0.919,0.7023309132594574
0.9185,0.702217125382263
0.9185,0.7024856596558318
0.9185,0.7027543993879113
0.918,0.7026406429391504
0.918,0.7029096477794793
0.918,0.7031788586748372
0.918,0.7034482758620689
0.9175,0.7033346109620544
0.9175,0.7036042944785276
0.9175,0.7038741848868432
0.9175,0.7041442824251727
0.9175,0.7044145873320538
0.9175,0.7046850998463902
0.917,0.704571648098348
0.917,0.7048424289008455
0.9165,0.7047289504036909
0.9165,0.705
0.9165,0.7052712581762216
0.916,0.7051578137028484
0.916,0.7054293415479399
0.916,0.7057010785824345
0.916,0.7059730250481696
0.916,0.7062451811873555
0.916,0.7065175472425762
0.916,0.7067901234567902
0.916,0.7070629100733308
0.9155,0.7069498069498069
0.9155,0.7072228659714175
0.9155,0.7074961360123647
0.9155,0.707769617317356
0.9155,0.7080433101314771
0.915,0.7079303675048356
0.915,0.708204334365325
0.915,0.7084785133565621
0.9145,0.7083656080557708
0.914,0.708252615265401
0.914,0.7085271317829457
0.914,0.7088018611865063
0.914,0.7090768037238169
0.9135,0.7089639115250291
0.9135,0.7092391304347826
0.9135,0.7095145631067962
0.913,0.7094017094017094
0.913,0.7096774193548387
0.913,0.7099533437013997
0.913,0.7102294826915597
0.9125,0.7101167315175098
0.9125,0.7103931490852472
0.9125,0.7106697819314641
0.9125,0.7109466303077523
0.9125,0.7112236944660951
0.9125,0.7115009746588694
0.9125,0.7117784711388455
0.912,0.7116660163870464
0.912,0.711943793911007
0.9115,0.7118313158922296
0.9115,0.712109375
0.9115,0.7123876514263384
0.9115,0.7126661454261142
0.9115,0.7129448572545952
0.9115,0.7132237871674492
0.9115,0.7135029354207436
0.9115,0.7137823022709475
0.9115,0.7140618879749314
0.9115,0.7143416927899686
0.9115,0.7146217169737358
0.911,0.7145098039215686
0.9105,0.7143978030600235
0.9105,0.7146781789638933
0.9105,0.7149587750294464
0.9105,0.7152395915161037
0.9105,0.7155206286836935
0.9105,0.7158018867924528
0.9105,0.7160833661030279
0.9105,0.7163650668764752
0.9105,0.7166469893742621
0.91,0.7165354330708661
0.91,0.7168176447420245
0.91,0.7171000788022065
0.91,0.717382735514387
0.9095,0.7172712933753943
0.9095,0.7175542406311637
0.909,0.7174427782162589
0.909,0.7177260165811291
0.909,0.7180094786729858
0.909,0.718293164757013
0.9085,0.7181818181818181
0.9085,0.7184657967576117
0.908,0.7183544303797469
0.9075,0.7182429758607044
0.9075,0.7185273159144893
0.9075,0.7188118811881188
0.9075,0.7190966719492868
0.9075,0.7193816884661117
0.9075,0.7196669310071372
0.9075,0.7199523998413329
0.907,0.7198412698412698
0.907,0.7201270345375149
0.907,0.7204130262112788
0.907,0.7206992451330949
0.907,0.7209856915739269
0.907,0.721272365805169
0.907,0.7215592680986476
0.907,0.7218463987266216
0.907,0.7221337579617835
0.907,0.72242134607726
0.9065,0.7223107569721116
0.906,0.7222000797130331
0.906,0.722488038277512
0.906,0.7227762265656162
0.9055,0.7226656025538707
0.9055,0.7229540918163673
0.9055,0.7232428115015974
0.9055,0.7235317618857371
0.9055,0.7238209432454037
0.9055,0.7241103558576569
0.9055,0.7244
0.905,0.7242897158863545
0.9045,0.7241793434747799
0.9045,0.7244693632358831
0.9045,0.7247596153846154
0.9045,0.7250501002004008
0.9045,0.7253408179631115
0.9045,0.7256317689530686
0.904,0.7255216693418941
0.904,0.7258129265355279
0.904,0.7261044176706827
0.904,0.7263961430293291
0.9035,0.7262861736334405
0.9035,0.7265782066747085
0.9035,0.7268704746580853
0.903,0.7267605633802817
0.903,0.7270531400966184
0.903,0.7273459524768425
0.903,0.7276390008058018
0.903,0.727932285368803
0.903,0.728225806451613
0.903,0.7285195643404598
0.9025,0.7284100080710251
0.9025,0.7287040775131207
0.9025,0.7289983844911146
0.902,0.7288888888888889
0.9015,0.7287793047696038
0.9015,0.7290739991912657
0.9015,0.7293689320388349
0.9015,0.7296641036017807
0.9015,0.7299595141700405
0.901,0.7298501417577967
0.901,0.7301458670988655
0.901,0.7304418321848399
0.901,0.7307380373073804
0.901,0.7310344827586207
0.901,0.7313311688311688
0.901,0.731628095818108
0.901,0.7319252640129975
0.9005,0.7318163348232426
0.9,0.7317073170731707
0.9,0.7320048800325335
0.9,0.7323026851098454
0.9,0.7326007326007326
0.9,0.7328990228013029
0.9,0.7331975560081466
0.9,0.7334963325183375
0.9,0.7337953526294333
0.9,0.734094616639478
0.9,0.7343941248470012
0.9,0.7346938775510204
0.9,0.7349938750510412
0.9,0.7352941176470589
0.9,0.7355946056395587
0.9,0.7358953393295176
0.8995,0.7357873210633947
0.8995,0.736088379705401
0.8995,0.7363896848137536
0.8995,0.7366912366912367
0.8995,0.7369930356411307
0.8995,0.7372950819672132
0.8995,0.7375973759737597
0.8995,0.7378999179655455
0.8995,0.7382027082478457
0.8995,0.7385057471264368
0.8995,0.7388090349075975
0.8995,0.7391125718981101
0.8995,0.739416358405261
0.899,0.7393092105263158
0.899,0.739613327848622
0.8985,0.7395061728395061
0.8985,0.7398106216550021
0.8985,0.7401153212520593
0.8985,0.7404202719406675
0.898,0.7403132728771641
0.898,0.7406185567010309
0.898,0.740924092409241
0.898,0.7412298803136608
0.898,0.7415359207266722
0.898,0.7418422139611731
0.8975,0.7417355371900827
0.8975,0.7420421661843737
0.8975,0.7423490488006617
0.897,0.7422424493173355
0.8965,0.742135761589404
0.8965,0.7424430641821946
0.896,0.7423363711681856
0.896,0.7426440116038127
0.896,0.7429519071310116
0.896,0.7432600580671921
0.896,0.7435684647302905
0.8955,0.7434620174346201
0.8955,0.7437707641196013
0.895,0.7436643124221022
0.895,0.743973399833749
0.895,0.7442827442827443
0.895,0.7445923460898503
0.895,0.7449022055763629
0.895,0.7452123230641132
0.895,0.7455226988754685
0.895,0.7458333333333333
0.895,0.7461442267611504
0.895,0.7464553794829024
0.895,0.7467667918231122
0.895,0.7470784641068448
0.895,0.7473903966597077
0.895,0.747702589807853
0.8945,0.7475971583786043
0.8945,0.7479096989966555
0.8945,0.7482225010455876
0.8945,0.7485355648535564
0.894,0.7484303055671829
0.8935,0.748324958123953
0.893,0.7482195224130708
0.893,0.7485331098072087
0.893,0.7488469601677149
0.8925,0.7487416107382551
0.8925,0.7490558120016786
0.8925,0.7493702770780857
0.8925,0.749685006299874
0.892,0.7495798319327731
0.892,0.74989491382934
0.892,0.7502102607232969
0.892,0.7505258729490955
0.892,0.7508417508417509
0.892,0.7511578947368421
0.892,0.7514743049705139
0.8915,0.7513695743784239
0.891,0.7512647554806071
0.891,0.7515816111345424
0.8905,0.7514767932489451
0.8905,0.7517940059096665
0.8905,0.7521114864864865
0.8905,0.7524292353189692
0.8905,0.7527472527472527
0.8905,0.7530655391120508
0.8905,0.7533840947546532
0.89,0.7532797291578502
0.89,0.7535986452159187
0.89,0.7539178314273612
0.89,0.7542372881355932
0.8895,0.7541331072488342
0.889,0.7540288379983037
0.889,0.7543487484089945
0.889,0.7546689303904923
0.8885,0.7545647558386412
0.8885,0.7548853016142736
0.8885,0.7552061198470038
0.8885,0.7555272108843537
0.8885,0.7558485750744364
0.8885,0.7561702127659574
0.8885,0.7564921243082162
0.888,0.7563884156729132
0.888,0.7567106945036216
0.888,0.7570332480818415
0.888,0.7573560767590618
0.888,0.757679180887372
0.888,0.7580025608194623
0.888,0.7583262169086251
0.8875,0.7582229816317813
0.887,0.7581196581196581
0.8865,0.758016246259085
0.8865,0.7583404619332763
0.886,0.7582370560547711
0.886,0.7585616438356164
0.886,0.7588865096359743
0.886,0.7592116538131962
0.886,0.7595370767252465
0.886,0.7598627787307033
0.886,0.7601887601887601
0.8855,0.7600858369098712
0.8855,0.7604121940747102
0.8855,0.7607388316151202
0.8855,0.7610657498925655
0.8855,0.7613929492691316
0.8855,0.7617204301075269
0.885,0.7616179001721171
0.885,0.7619457597933706
0.885,0.7622739018087855
0.8845,0.7621714778112882
0.8845,0.7625
0.8845,0.7628288055196205
0.8845,0.7631578947368421
0.884,0.7630556754423824
0.884,0.7633851468048359
0.884,0.7637149028077754
0.884,0.7640449438202247
0.884,0.764375270211846
0.884,0.7647058823529411
0.884,0.7650367806144526
0.8835,0.7649350649350649
0.883,0.7648332611520139
0.883,0.7651646447140381
0.883,0.765496315561335
0.883,0.7658282740676496
0.883,0.7661605206073753
0.883,0.7664930555555556
0.883,0.7668258792878854
0.8825,0.766724587315378
0.8825,0.7670578009561061
0.882,0.7669565217391304
0.882,0.7672901261418008
0.882,0.7676240208877284
0.882,0.7679582063561167
0.882,0.7682926829268293
0.882,0.7686274509803922
0.882,0.7689625108979947
0.882,0.7692978630614915
0.882,0.7696335078534031
0.882,0.7699694456569184
0.8815,0.7698689956331878
0.8815,0.7702053298383573
0.8815,0.770541958041958
0.881,0.7704416265850459
0.881,0.7707786526684165
0.881,0.7711159737417943
0.881,0.7714535901926445
0.8805,0.771353482260184
0.88,0.7712532865907099
0.88,0.7715914072775099
0.88,0.7719298245614035
0.88,0.7722685388328214
0.88,0.7726075504828798
0.8795,0.7725076855511638
0.8795,0.7728471001757469
0.879,0.7727472527472528
0.879,0.7730870712401056
0.8785,0.7729872415310163
0.8785,0.7733274647887324
0.8785,0.7736679876706297
0.8785,0.7740088105726872
0.878,0.7739092111062142
0.878,0.7742504409171076
0.8775,0.7741508601676224
0.8775,0.7744924977934686
0.8775,0.7748344370860927
0.8775,0.7751766784452296
0.877,0.7750773309765797
0.877,0.7754199823165341
0.877,0.7757629367536488
0.8765,0.7756637168141592
0.8765,0.7760070827799912
0.8765,0.7763507528786536
0.876,0.7762516614975631
0.876,0.776595744680851
0.876,0.776940133037694
0.876,0.7772848269742679
0.876,0.7776298268974701
0.8755,0.7775310834813499
0.8755,0.7778764993336295
0.8755,0.7782222222222223
0.875,0.7781236104935527
0.875,0.7784697508896797
0.875,0.778816199376947
0.8745,0.7787177203918076
0.8745,0.7790645879732739
0.8745,0.7794117647058824
0.8745,0.7797592510031208
0.8745,0.780107047279215
0.874,0.7800089245872378
0.8735,0.7799107142857142
0.8735,0.780259044216168
0.8735,0.7806076854334227
0.8735,0.7809566383549397
0.8735,0.7813059033989267
0.8735,0.78165548098434
0.873,0.7815577439570277
0.8725,0.7814599193909538
0.8725,0.7818100358422939
0.8725,0.7821604661586733
0.872,0.7820627802690583
0.872,0.7824136384028713
0.8715,0.7823159784560144
0.8715,0.7826672653794342
0.8715,0.7830188679245284
0.8715,0.7833707865168539
0.8715,0.7837230215827338
0.8715,0.7840755735492577
0.8715,0.7844284428442845
0.8715,0.7847816298964431
0.8715,0.7851351351351351
0.8715,0.7854889589905363
0.8715,0.7858431018935979
0.8715,0.7861975642760487
0.871,0.7861010830324909
0.8705,0.7860045146726863
0.8705,0.7863595302619693
0.8705,0.7867148666967917
0.8705,0.7870705244122965
0.8705,0.7874265038444143
0.8705,0.7877828054298642
0.8705,0.7881394296061567
0.8705,0.7884963768115942
0.8705,0.7888536474852741
0.8705,0.7892112420670897
0.8705,0.7895691609977324
0.87,0.7894736842105263
0.87,0.7898320472083522
0.87,0.7901907356948229
0.87,0.7905497501135847
0.87,0.7909090909090909
0.8695,0.7908140063665302
0.8695,0.7911737943585078
0.8695,0.7915339098771051
0.8695,0.7918943533697632
0.869,0.7917995444191344
0.869,0.7921604375569735
0.8685,0.7920656634746922
0.8685,0.7924270072992701
0.8685,0.7927886809675947
0.8685,0.7931506849315069
0.8685,0.7935130196436729
0.8685,0.7938756855575868
0.8685,0.7942386831275721
0.8685,0.7946020128087832
0.868,0.7945080091533181
0.868,0.7948717948717948
0.8675,0.7947778286761338
0.8675,0.7951420714940421
0.867,0.7950481430536451
0.867,0.7954128440366972
0.8665,0.7953189536484626
0.8665,0.7956841138659321
0.8665,0.7960496095544327
0.866,0.7959558823529411
0.866,0.7963218390804597
0.866,0.796688132474701
0.866,0.7970547630004602
0.8655,0.7969613259668509
0.8655,0.797328420082911
0.8655,0.7976958525345622
0.8655,0.7980636237897649
0.8655,0.7984317343173432
0.8655,0.7988001845869867
0.865,0.7987072945521699
0.8645,0.7986143187066974
0.8645,0.7989833641404805
0.864,0.7988904299583911
0.8635,0.7987974098057354
0.863,0.7987043035631652
0.863,0.799074074074074
0.863,0.7994441871236684
0.863,0.7998146431881371
0.863,0.8001854427445526
0.8625,0.8000927643784786
0.862,0.8
0.862,0.8003714020427113
0.862,0.800743149094287
0.8615,0.8006505576208178
0.861,0.800557880055788
0.8605,0.8004651162790698
0.8605,0.8008375988832015
0.8605,0.8012104283054003
0.8605,0.8015836050302748
0.8605,0.8019571295433364
0.8605,0.8023310023310023
0.8605,0.8027052238805971
0.8605,0.8030797946803546
0.8605,0.8034547152194211
0.8605,0.8038299859878562
0.8605,0.8042056074766355
0.8605,0.8045815801776531
0.8605,0.8049579045837231
0.86,0.8048666354702855
0.86,0.8052434456928839
0.86,0.8056206088992974
0.86,0.8059981255857545
0.86,0.8063759962494139
0.86,0.8067542213883677
0.86,0.8071328015016425
0.86,0.8075117370892019
0.8595,0.8074213245655237
0.859,0.8073308270676691
0.8585,0.8072402444757875
0.858,0.8071495766698025
0.8575,0.8070588235294117
0.857,0.8069679849340866
0.8565,0.8068770607630711
0.8565,0.8072573044297833
0.8565,0.8076379066478077
0.8565,0.8080188679245283
0.8565,0.8084001887682869
0.8565,0.8087818696883853
0.8565,0.8091639111950873
0.8565,0.8095463137996219
0.856,0.8094562647754137
0.856,0.8098391674550615
0.8555,0.8097491717936584
0.8555,0.8101325757575758
0.8555,0.8105163429654192
0.855,0.8104265402843602
0.8545,0.8103366524419156
0.8545,0.8107210626185958
0.8545,0.8111058376839108
0.8545,0.8114909781576448
0.8545,0.81187648456057
0.8545,0.8122623574144486
0.8545,0.8126485972420352
0.8545,0.813035204567079
0.8545,0.8134221799143265
0.8545,0.8138095238095238
0.8545,0.8141972367794188
0.8545,0.8145853193517636
0.8545,0.8149737720553171
0.8545,0.8153625954198473
0.8545,0.8157517899761336
0.854,0.8156638013371538
0.8535,0.8155757286192069
0.8535,0.8159655831739961
0.8535,0.8163558106169297
0.8535,0.8167464114832536
0.853,0.81665868836764
0.8525,0.8165708812260536
0.852,0.8164829899377096
0.852,0.8168744007670182
0.8515,0.8167865707434053
0.8515,0.8171785028790787
0.8515,0.8175708113298128
0.8515,0.8179634966378482
0.851,0.817876021143681
0.8505,0.8177884615384615
0.8505,0.8181818181818182
0.8505,0.8185755534167469
0.8505,0.8189696677900818
0.8505,0.819364161849711
0.8505,0.8197590361445783
0.8505,0.8201542912246866
0.85,0.8200675349734684
0.85,0.8204633204633205
0.85,0.8208594881699662
0.85,0.821256038647343
0.85,0.8216529724504592
0.85,0.8220502901353965
0.8495,0.8219641993226899
0.8495,0.8223620522749274
0.849,0.8222760290556901
0.849,0.8226744186046512
0.849,0.8230731943771207
0.849,0.8234723569350145
0.8485,0.8233867054827754
0.8485,0.8237864077669903
0.848,0.8237008256435163
0.848,0.8241010689990281
0.8475,0.8240155566358774
0.847,0.8239299610894941
0.847,0.824330900243309
0.847,0.824732229795521
0.847,0.8251339503166099
0.8465,0.8250487329434698
0.846,0.8249634324719649
0.8455,0.8248780487804878
0.8455,0.8252806246949732
0.8455,0.82568359375
0.8455,0.8260869565217391
0.8455,0.8264907135874878
0.8455,0.8268948655256724
0.8455,0.8272994129158513
0.8455,0.8277043563387175
0.845,0.8276199804113614
0.8445,0.8275355218030377
0.8445,0.8279411764705882
0.844,0.8278567925453654
0.8435,0.8277723258096172
0.843,0.8276877761413843
0.8425,0.8276031434184676
0.8425,0.828009828009828
0.8425,0.828416912487709
0.8425,0.8288243974422036
0.8425,0.8292322834645669
0.8425,0.8296405711472181
0.842,0.8295566502463054
0.842,0.8299655002464268
0.8415,0.8298816568047337
0.841,0.8297977306364085
0.841,0.8302073050345509
0.841,0.8306172839506173
0.8405,0.8305335968379447
0.8405,0.8309441423628274
0.8405,0.83135509396637
0.8405,0.8317664522513607
0.8405,0.8321782178217821
0.8405,0.8325903912828133
0.84,0.8325074331020813
0.8395,0.8324243926623699
0.839,0.8323412698412699
0.839,0.8327543424317618
0.8385,0.8326713008937437
0.838,0.8325881768504719
0.8375,0.8325049701789264
0.8375,0.8329189457981104
0.837,0.8328358208955224
0.837,0.8332503733200597
0.837,0.8336653386454184
0.837,0.8340807174887892
0.8365,0.8339980059820539
0.836,0.8339152119700748
0.836,0.8343313373253493
0.836,0.8347478781827259
0.836,0.8351648351648352
0.8355,0.8350824587706147
0.8355,0.8355
0.8355,0.8359179589794897
0.8355,0.8363363363363363
0.835,0.8362543815723585
0.835,0.8366733466933868
0.8345,0.8365914786967419
0.8345,0.8370110330992979
0.834,0.8369292523833417
0.834,0.8373493975903614
0.8335,0.8372677046710196
0.8335,0.8376884422110553
0.833,0.8376068376068376
0.833,0.8380281690140845
0.8325,0.8379466532460996
0.832,0.837865055387714
0.8315,0.8377833753148615
0.8315,0.8382056451612904
0.8315,0.8386283408976298
0.8315,0.8390514631685166
0.8315,0.839475012619889
0.8315,0.8398989898989899
0.831,0.8398180899444164
0.831,0.840242669362993
0.8305,0.840161861406171
0.83,0.840080971659919
0.8295,0.84
0.8295,0.8404255319148937
0.8295,0.8408514951849975
0.8295,0.8412778904665315
0.8295,0.8417047184170472
0.829,0.8416243654822335
0.829,0.8420518029456577
0.8285,0.8419715447154471
0.8285,0.842399593289273
0.8285,0.8428280773143438
0.828,0.8427480916030534
0.8275,0.8426680244399185
0.8275,0.8430973000509424
0.827,0.8430173292558614
0.8265,0.842937276899541
0.826,0.8428571428571429
0.826,0.843287391526289
0.8255,0.8432073544433095
0.8255,0.8436382217680123
0.825,0.843558282208589
0.825,0.8439897698209718
0.825,0.8444216990788127
0.825,0.8448540706605223
0.8245,0.8447745901639344
0.8245,0.8452075858534085
0.8245,0.8456410256410256
0.8245,0.8460749102103643
0.824,0.8459958932238193
0.8235,0.8459167950693375
0.8235,0.8463514902363823
0.8235,0.8467866323907455
0.8235,0.8472222222222222
0.823,0.847143592382913
0.8225,0.8470648815653965
0.8225,0.8475012879958784
0.8225,0.8479381443298969
0.822,0.8478597215059309
0.822,0.848297213622291
0.822,0.8487351574599896
0.822,0.8491735537190083
0.8215,0.8490956072351421
0.8215,0.8495346432264737
0.8215,0.8499741334712881
0.8215,0.8504140786749482
0.8215,0.8508544795442776
0.821,0.8507772020725388
0.821,0.8512182477967859
0.821,0.8516597510373444
0.821,0.8521017125064868
0.8205,0.8520249221183801
0.82,0.8519480519480519
0.82,0.8523908523908524
0.82,0.8528341133645346
0.82,0.8532778355879292
0.82,0.8537220197813639
0.82,0.8541666666666666
0.8195,0.8540906722251173
0.8195,0.8545359749739312
0.8195,0.854981742305686
0.819,0.8549060542797495
0.819,0.8553524804177546
0.8185,0.855276907001045
0.818,0.8552012545739676
0.8175,0.8551255230125523
0.817,0.8550497121925693
0.8165,0.8549738219895288
0.8165,0.8554216867469879
0.816,0.8553459119496856
0.8155,0.8552700576822234
0.8155,0.8557187827911857
0.8155,0.8561679790026246
0.8155,0.8566176470588235
0.8155,0.8570677877036259
0.8155,0.8575184016824395
0.815,0.8574434508153603
0.8145,0.8573684210526316
0.814,0.8572933122696156
0.814,0.8577449947312961
0.8135,0.8576700052714813
0.8135,0.8581223628691983
0.813,0.8580474934036939
0.813,0.8585005279831045
0.813,0.8589540412044374
0.813,0.8594080338266384
0.8125,0.8593336858804865
0.812,0.8592592592592593
0.8115,0.8591847538380095
0.8115,0.8596398305084746
0.8115,0.8600953895071543
0.8115,0.8605514316012726
0.811,0.8604774535809019
0.811,0.8609341825902336
0.8105,0.8608603292618162
0.81,0.8607863974495218
0.81,0.861244019138756
0.81,0.8617021276595744
0.8095,0.8616285258116019
0.8095,0.8620873269435569
0.8095,0.8625466169419286
0.809,0.8624733475479744
0.809,0.8629333333333333
0.809,0.8633938100320171
0.809,0.8638547784303257
0.8085,0.8637820512820513
0.808,0.8637092463923036
0.8075,0.8636363636363636
0.807,0.8635634028892456
0.8065,0.8634903640256959
0.8065,0.8639528655597215
0.8065,0.8644158628081458
0.8065,0.8648793565683646
0.8065,0.865343347639485
0.8065,0.8658078368223295
0.8065,0.8662728249194415
0.806,0.8662009672219237
0.806,0.8666666666666667
0.806,0.8671328671328671
0.806,0.8675995694294941
0.8055,0.8675282714054927
0.8055,0.8679956896551724
0.8055,0.8684636118598382
0.8055,0.8689320388349514
0.8055,0.8694009713977334
0.805,0.8693304535637149
0.805,0.8698001080497029
0.805,0.8702702702702703
0.805,0.8707409410492158
0.8045,0.8706709956709957
0.804,0.8706009745533297
0.8035,0.8705308775731311
0.803,0.870460704607046
0.803,0.8709327548806941
0.8025,0.870862723819859
0.8025,0.8713355048859935
0.802,0.8712656165127648
0.8015,0.871195652173913
0.801,0.8711256117455138
0.801,0.8715995647442872
0.8005,0.8715296679368536
0.8005,0.8720043572984749
0.8005,0.8724795640326976
0.8005,0.8729552889858233
0.8005,0.8734315330060011
0.8005,0.8739082969432315
0.8,0.8738394320043692
0.8,0.8743169398907104
0.7995,0.8742482230727173
0.799,0.8741794310722101
0.799,0.8746579091406678
0.799,0.8751369112814896
0.799,0.8756164383561644
0.7985,0.8755482456140351
0.7985,0.8760285244103126
0.7985,0.8765093304061471
0.798,0.8764415156507414
0.798,0.8769230769230769
0.7975,0.8768554150632215
0.7975,0.8773377337733773
0.797,0.8772702256466703
0.797,0.8777533039647577
0.7965,0.8776859504132232
0.7965,0.8781697905181919
0.7965,0.8786541643684501
0.7965,0.8791390728476821
0.7965,0.879624516841524
0.7965,0.8801104972375691
0.7965,0.8805970149253731
0.7965,0.8810840707964602
0.796,0.8810182623132263
0.796,0.8815060908084164
0.7955,0.8814404432132964
0.795,0.8813747228381374
0.795,0.8818635607321131
0.7945,0.8817980022197558
0.794,0.8817323709050527
0.7935,0.8816666666666667
0.793,0.8816008893829905
0.793,0.882091212458287
0.793,0.8825820812465219
0.7925,0.8825167037861915
0.7925,0.883008356545961
0.792,0.882943143812709
0.7915,0.882877858337981
0.7915,0.8833705357142857
0.791,0.8833054159687326
0.7905,0.8832402234636871
0.79,0.8831749580771381
0.79,0.883668903803132
0.7895,0.8836038052602126
0.789,0.883538633818589
0.789,0.8840336134453781
0.789,0.8845291479820628
0.789,0.8850252383623107
0.7885,0.8849607182940517
0.7885,0.8854576080853453
0.788,0.8853932584269663
0.7875,0.8853288364249579
0.787,0.8852643419572553
0.7865,0.8851997749015195
0.786,0.8851351351351351
0.7855,0.8850704225352113
0.7855,0.8855693348365277
0.785,0.8855047941342358
0.7845,0.8854401805869074
0.7845,0.885940146809712
0.7845,0.8864406779661017
0.7845,0.8869417750141323
0.7845,0.8874434389140271
0.784,0.8873797396717601
0.7835,0.8873159682899208
0.7835,0.8878186968838527
0.7835,0.8883219954648526
0.783,0.8882586500283608
0.7825,0.8881952326901249
0.7825,0.8886996024985804
0.7825,0.8892045454545454
0.7825,0.8897100625355315
0.7825,0.8902161547212741
0.7825,0.8907228229937393
0.7825,0.8912300683371298
0.782,0.8911680911680911
0.782,0.8916761687571265
0.782,0.8921848260125499
0.782,0.8926940639269406
0.7815,0.892632781267847
0.781,0.8925714285714286
0.781,0.8930817610062893
0.7805,0.8930205949656751
0.78,0.8929593589009731
0.78,0.8934707903780069
0.78,0.8939828080229226
0.78,0.8944954128440367
0.78,0.8950086058519794
0.78,0.8955223880597015
0.7795,0.8954623779437105
0.7795,0.8959770114942529
0.779,0.8959171937895342
0.779,0.8964326812428078
0.7785,0.8963730569948186
0.7785,0.896889400921659
0.7785,0.8974063400576369
0.778,0.8973471741637832
0.778,0.897864974033468
0.778,0.8983833718244804
0.7775,0.8983246678220682
0.7775,0.8988439306358381
0.777,0.8987854251012146
0.777,0.8993055555555556
0.7765,0.8992472495657209
0.7765,0.8997682502896871
0.7765,0.9002898550724637
0.7765,0.9008120649651972
0.7765,0.9013348810214742
0.7765,0.9018583042973287
0.776,0.9018012783265543
0.776,0.9023255813953488
0.7755,0.9022687609075044
0.775,0.9022118742724098
0.775,0.9027373325567851
0.775,0.9032634032634033
0.7745,0.9032069970845481
0.7745,0.9037339556592765
0.7745,0.9042615294804437
0.774,0.9042056074766355
0.774,0.9047340736411456
0.7735,0.9046783625730994
0.7735,0.9052077238150965
0.773,0.905152224824356
0.773,0.9056824838898653
0.773,0.9062133645955451
0.7725,0.906158357771261
0.7725,0.9066901408450704
0.7725,0.9072225484439225
0.7725,0.9077555816686251
0.772,0.9077013521457966
0.772,0.908235294117647
0.772,0.9087698646262508
0.772,0.9093050647820966
0.772,0.9098408956982911
0.772,0.910377358490566
0.772,0.9109144542772861
0.772,0.911452184179457
0.772,0.9119905493207324
0.7715,0.9119385342789598
0.7715,0.9124778237729154
0.7715,0.91301775147929
0.7715,0.9135583185316756
0.7715,0.9140995260663507
0.771,0.9140486069946651
0.7705,0.9139976275207592
0.77,0.913946587537092
0.7695,0.913895486935867
0.769,0.9138443256090315
0.769,0.9143876337693222
0.769,0.9149315883402737
0.7685,0.9148809523809524
0.768,0.9148302561048243
0.7675,0.9147794994040525
0.7675,0.915324985092427
0.7675,0.915871121718377
0.7675,0.9164179104477612
0.767,0.9163679808841099
0.7665,0.9163179916317992
0.7665,0.9168660287081339
0.766,0.9168162776780371
0.766,0.9173652694610779
0.7655,0.9173157579388855
0.765,0.9172661870503597
0.7645,0.9172165566886623
0.764,0.9171668667466987
0.7635,0.9171171171171171
0.763,0.9170673076923077
0.7625,0.9170174383644016
0.762,0.9169675090252708
0.762,0.917519566526189
0.7615,0.9174698795180722
0.761,0.917420132610006
0.7605,0.9173703256936068
0.7605,0.9179239589619795
0.7605,0.9184782608695652
0.7605,0.9190332326283988
0.76,0.9189842805320435
0.76,0.9195402298850575
0.7595,0.9194915254237288
0.759,0.919442761962447
0.759,0.92
0.7585,0.9199514857489387
0.758,0.9199029126213593
0.7575,0.9198542805100182
0.7575,0.9204131227217497
0.757,0.9203647416413374
0.7565,0.920316301703163
0.7565,0.920876445526476
0.7565,0.9214372716199757
0.756,0.9213893967093236
0.756,0.9219512195121952
0.7555,0.9219035997559487
0.7555,0.9224664224664225
0.755,0.9224190592547342
0.755,0.9229828850855746
0.755,0.9235474006116208
0.7545,0.923500611995104
0.754,0.9234537660747091
0.7535,0.9234068627450981
0.7535,0.923973022685469
0.753,0.9239263803680982
0.7525,0.9238796807857581
0.752,0.9238329238329238
0.752,0.9244007375537799
0.7515,0.9243542435424354
0.751,0.9243076923076923
0.7505,0.9242610837438424
0.75,0.9242144177449169
0.75,0.9247842170160296
0.75,0.9253547193090684
0.7495,0.9253086419753086
0.749,0.9252625077208153
0.7485,0.9252163164400494
0.748,0.9251700680272109
0.748,0.9257425742574258
0.748,0.9263157894736842
0.748,0.9268897149938042
0.748,0.9274643521388717
0.748,0.9280397022332506
0.748,0.9286157666045934
0.7475,0.9285714285714286
0.7475,0.9291485394655066
0.7475,0.929726368159204
0.7475,0.9303049159925326
0.7475,0.9308841843088418
0.7475,0.9314641744548287
0.7475,0.9320448877805486
0.747,0.9320024953212727
0.7465,0.931960049937578
0.746,0.9319175515302935
0.746,0.9325
0.7455,0.9324577861163227
0.745,0.932415519399249
0.7445,0.9323731997495304
0.7445,0.9329573934837093
0.7445,0.9335423197492163
0.744,0.9335006273525721
0.7435,0.933458882611425
0.743,0.9334170854271356
0.7425,0.933375235700817
0.742,0.9333333333333333
0.7415,0.933291378225299
0.741,0.9332493702770781
0.7405,0.9332073093887838
0.74,0.9331651954602774
0.7395,0.9331230283911672
0.7395,0.9337121212121212
0.739,0.9336702463676564
0.7385,0.9336283185840708
0.738,0.9335863377609108
0.738,0.9341772151898734
0.738,0.934768841038632
0.7375,0.9347275031685678
0.737,0.9346861128725428
0.737,0.9352791878172588
0.737,0.9358730158730159
0.737,0.9364675984752223
0.737,0.9370629370629371
0.737,0.9376590330788804
0.7365,0.9376193507320179
0.736,0.9375796178343949
0.7355,0.9375398342893563
0.7355,0.9381377551020408
0.735,0.9380982769623485
0.7345,0.938058748403576
0.7345,0.9386581469648563
0.734,0.9386189258312021
0.734,0.9392194497760716
0.734,0.939820742637644
0.7335,0.9397821909032671
0.7335,0.9403846153846154
0.733,0.9403463758819757
0.7325,0.9403080872913993
0.7325,0.9409120102761721
0.732,0.9408740359897172
0.7315,0.9408360128617363
0.731,0.9407979407979408
0.731,0.9414037347070187
0.731,0.9420103092783505
0.7305,0.941972920696325
0.7305,0.9425806451612904
0.73,0.9425435765009683
0.7295,0.9425064599483204
0.729,0.9424692954104719
0.7285,0.9424320827943079
0.728,0.9423948220064725
0.728,0.9430051813471503
0.7275,0.9429682436811406
0.727,0.9429312581063554
0.7265,0.9428942245295263
0.726,0.9428571428571428
0.726,0.9434697855750487
0.7255,0.9434330299089727
0.7255,0.9440468445022772
0.7255,0.9446614583333334
0.7255,0.9452768729641694
0.725,0.9452411994784876
0.7245,0.9452054794520548
0.724,0.9451697127937336
0.724,0.94578706727629
0.7235,0.9457516339869281
0.7235,0.946370176586004
0.723,0.9463350785340314
0.7225,0.9462999345121152
0.722,0.9462647444298821
0.7215,0.9462295081967214
0.7215,0.9468503937007874
0.721,0.9468154957321077
0.7205,0.9467805519053877
0.72,0.9467455621301775
0.7195,0.9467105263157894
0.7195,0.9473337722185649
0.719,0.9472990777338604
0.7185,0.9472643375082399
0.718,0.9472295514511874
0.7175,0.9471947194719472
0.717,0.9471598414795245
0.7165,0.9471249173826835
0.716,0.9470899470899471
0.716,0.9477167438782264
0.7155,0.947682119205298
0.7155,0.94831013916501
0.715,0.9482758620689655
0.715,0.948905109489051
0.715,0.949535192563081
0.715,0.9501661129568106
0.7145,0.9501329787234043
0.7145,0.9507651363938789
0.714,0.9507323568575233
0.7135,0.9506995336442372
0.713,0.9506666666666667
0.713,0.9513008672448299
0.7125,0.9512683578104139
0.7125,0.9519038076152304
0.712,0.9518716577540107
0.712,0.9525083612040134
0.712,0.9531459170013387
0.7115,0.9531145344943067
0.7115,0.9537533512064343
0.711,0.9537223340040242
0.711,0.9543624161073826
0.7105,0.9543317662860981
0.71,0.9543010752688172
0.7095,0.9542703429724277
0.709,0.9542395693135935
0.7085,0.9542087542087542
0.7085,0.9548517520215634
0.708,0.9548213081591369
0.7075,0.9547908232118758
0.7075,0.9554355165428764
0.707,0.9554054054054054
0.7065,0.9553752535496958
0.706,0.9553450608930988
0.7055,0.9553148273527421
0.7055,0.9559620596205962
0.7055,0.9566101694915254
0.705,0.9565807327001357
0.7045,0.956551255940258
0.704,0.9565217391304348
0.7035,0.9564921821889871
0.703,0.9564625850340136
0.7025,0.95643294758339
0.702,0.9564032697547684
0.702,0.9570552147239264
0.7015,0.9570259208731241
0.701,0.9569965870307168
0.7005,0.9569672131147541
0.7005,0.9576213260423787
0.7005,0.9582763337893296
0.7,0.9582477754962354
0.6995,0.9582191780821918
0.699,0.9581905414667581
0.6985,0.958161865569273
0.698,0.9581331503088538
0.6975,0.9581043956043956
0.697,0.9580756013745705
0.6965,0.9580467675378267
0.696,0.9580178940123881
0.6955,0.9579889807162535
0.695,0.957960027567195
0.695,0.9586206896551724
0.6945,0.9585921325051759
0.6945,0.9592541436464088
0.694,0.95922598479613
0.6935,0.9591977869986169
0.693,0.9591695501730104
0.6925,0.9591412742382271
0.692,0.9591129591129591
0.6915,0.9590846047156727
0.6915,0.9597501734906315
0.6915,0.9604166666666667
0.691,0.9603891591382905
0.6905,0.9603616133518776
0.69,0.9603340292275574
0.6895,0.9603064066852368
0.689,0.9602787456445993
0.6885,0.9602510460251046
0.6885,0.9609211444521982
0.688,0.9608938547486033
0.688,0.9615653389238294
0.6875,0.9615384615384616
0.687,0.9615115465360392
0.6865,0.961484593837535
0.6865,0.9621583742116327
0.686,0.9621318373071529
0.6855,0.9621052631578947
0.685,0.9620786516853933
0.6845,0.9620520028109627
0.6845,0.9627285513361463
0.684,0.9627023223082336
0.6835,0.9626760563380282
0.6835,0.9633544749823819
0.683,0.9633286318758815
0.6825,0.963302752293578
0.682,0.963276836158192
0.6815,0.9632508833922262
0.681,0.9632248939179632
0.6805,0.9631988676574664
0.68,0.9631728045325779
0.6795,0.9631467044649185
0.679,0.9631205673758865
0.6785,0.9630943931866572
0.678,0.9630681818181818
0.6775,0.9630419331911869
0.677,0.9630156472261735
0.6765,0.9629893238434164
0.6765,0.9636752136752137
0.676,0.9636493228795439
0.6755,0.963623395149786
0.675,0.9635974304068522
0.675,0.9642857142857143
0.6745,0.9642601858470335
0.674,0.9642346208869814
0.6735,0.9642090193271295
0.673,0.9641833810888252
0.673,0.9648745519713262
0.6725,0.9648493543758967
0.672,0.964824120603015
0.672,0.9655172413793104
0.6715,0.9654924514737598
0.671,0.9654676258992806
0.671,0.9661627069834413
0.6705,0.9661383285302594
0.67,0.966113914924297
0.6695,0.9660894660894661
0.669,0.9660649819494584
0.6685,0.9660404624277457
0.668,0.9660159074475777
0.6675,0.9659913169319826
0.667,0.9659666908037654
0.6665,0.9659420289855073
0.666,0.9659173313995649
0.6655,0.9658925979680697
0.665,0.9658678286129266
0.6645,0.965843023255814
0.6645,0.9665454545454546
0.664,0.9665211062590975
0.6635,0.9664967225054625
0.663,0.9664723032069971
0.663,0.9671772428884027
0.6625,0.9671532846715328
0.662,0.9671292914536158
0.6615,0.9671052631578947
0.661,0.9670811997073885
0.6605,0.9670571010248902
0.66,0.967032967032967
0.66,0.967741935483871
0.6595,0.9677182685253118
0.659,0.9676945668135095
0.6585,0.967670830271859
0.658,0.9676470588235294
0.6575,0.9676232523914643
0.657,0.96759941089838
0.6565,0.9675755342667649
0.656,0.967551622418879
0.656,0.9682656826568266
0.6555,0.9682422451994092
0.655,0.9682187730968219
0.6545,0.9681952662721893
0.654,0.9681717246484086
0.6535,0.9681481481481482
0.653,0.9681245366938473
0.6525,0.9681008902077152
0.6525,0.9688195991091314
0.652,0.9687964338781575
0.6515,0.9687732342007435
0.651,0.96875
0.6505,0.9687267311988086
0.65,0.9687034277198212
0.6495,0.9686800894854586
0.649,0.9686567164179104
0.6485,0.9686333084391336
0.648,0.968609865470852
0.6475,0.9685863874345549
0.6475,0.969311377245509
0.647,0.9692883895131086
0.647,0.9700149925037481
0.6465,0.9699924981245311
0.646,0.96996996996997
0.6455,0.9699474079639369
0.645,0.9699248120300752
0.6445,0.9699021820917983
0.644,0.9698795180722891
0.644,0.9706103993971364
0.6435,0.9705882352941176
0.643,0.970566037735849
0.643,0.9712990936555891
0.6425,0.9712773998488284
0.642,0.9712556732223904
0.6415,0.9712339137017411
0.641,0.9712121212121212
0.641,0.9719484457922669
0.6405,0.9719271623672231
0.64,0.9719058466211086
0.6395,0.9718844984802432
0.639,0.9718631178707224
0.6385,0.971841704718417
0.638,0.9718202589489718
0.6375,0.9717987804878049
0.637,0.9717772692601068
0.6365,0.9717557251908397
0.636,0.9717341482047365
0.6355,0.9717125382262997
0.635,0.9716908951798011
0.6345,0.9716692189892803
0.634,0.9716475095785441
0.6335,0.9716257668711656
0.633,0.9716039907904835
0.633,0.9723502304147466
0.6325,0.9723289777094543
0.6325,0.9730769230769231
0.632,0.9730561970746728
0.6315,0.9730354391371341
0.631,0.9730146491904395
0.631,0.9737654320987654
0.6305,0.9737451737451738
0.63,0.973724884080371
0.6295,0.9737045630317092
0.629,0.9736842105263158
0.6285,0.9736638264910922
0.6285,0.9744186046511628
0.628,0.9743987587276959
0.6275,0.9743788819875776
0.627,0.9743589743589743
0.627,0.9751166407465007
0.6265,0.9750972762645914
0.6265,0.9758566978193146
0.626,0.9758378799688231
0.626,0.9765990639625585
0.6255,0.9765807962529274
0.625,0.9765625
0.6245,0.9765441751368257
0.624,0.9765258215962441
0.624,0.9772905246671887
0.6235,0.9772727272727273
0.6235,0.9780392156862745
0.623,0.978021978021978
0.6225,0.9780047132757266
0.622,0.9779874213836478
0.622,0.978756884343037
0.6215,0.978740157480315
0.621,0.9787234042553191
0.621,0.9794952681388013
0.6205,0.9794790844514601
0.62,0.9794628751974723
0.62,0.9802371541501976
0.6195,0.9802215189873418
0.6195,0.9809976247030879
0.619,0.9809825673534073
0.6185,0.9809674861221253
0.618,0.9809523809523809
0.6175,0.9809372517871326
0.617,0.9809220985691574
0.617,0.9817024661893397
0.6165,0.981687898089172
0.6165,0.9824701195219123
0.616,0.9824561403508771
0.6155,0.9824421388667198
0.615,0.9824281150159745
0.6145,0.982414068745004
0.614,0.9824
0.6135,0.9823859087269816
0.613,0.9823717948717948
0.6125,0.9823576583801122
0.612,0.9823434991974318
0.6115,0.9823293172690764
0.611,0.9823151125401929
0.6105,0.9823008849557522
0.6105,0.9830917874396136
0.6105,0.983883964544722
0.61,0.9838709677419355
0.61,0.9846650524616626
0.6095,0.9846526655896607
0.609,0.98464025869038
0.6085,0.9846278317152104
0.608,0.9846153846153847
0.6075,0.9846029173419774
0.607,0.9845904298459043
0.6065,0.984577922077922
0.606,0.9845653939886271
0.6055,0.9845528455284552
0.605,0.9845402766476811
0.6045,0.9845276872964169
0.604,0.9845150774246129
0.6035,0.9845024469820555
0.603,0.9844897959183674
0.6025,0.9844771241830066
0.602,0.9844644317252658
0.6015,0.9844517184942717
0.601,0.9844389844389845
0.601,0.9852459016393442
0.6005,0.985233798195242
0.6,0.9852216748768473
0.5995,0.9852095316351684
0.599,0.9851973684210527
0.5985,0.9851851851851852
0.598,0.985172981878089
0.5975,0.9851607584501236
0.597,0.9851485148514851
0.5965,0.9851362510322048
0.596,0.9851239669421488
0.5955,0.9851116625310173
0.595,0.9850993377483444
0.595,0.9859154929577465
0.5945,0.9859038142620232
0.5945,0.9867219917012449
0.594,0.9867109634551495
0.5935,0.9866999168744804
0.593,0.9866888519134775
0.5925,0.9866777685262281
0.592,0.9866666666666667
0.5915,0.9866555462885738
0.591,0.986644407345576
0.5905,0.9866332497911445
0.59,0.9866220735785953
0.59,0.9874476987447699
0.5895,0.9874371859296482
0.589,0.9874266554903605
0.5885,0.9874161073825504
0.588,0.9874055415617129
0.5875,0.9873949579831933
0.587,0.9873843566021867
0.5865,0.9873737373737373
0.586,0.987363100252738
0.5855,0.9873524451939292
0.585,0.9873417721518988
0.5845,0.987331081081081
0.584,0.9873203719357565
0.5835,0.9873096446700508
0.583,0.9872988992379339
0.5825,0.9872881355932204
0.582,0.9872773536895675
0.5815,0.9872665534804754
0.581,0.9872557349192863
0.5805,0.9872448979591837
0.58,0.9872340425531915
0.5795,0.9872231686541738
0.579,0.9872122762148338
0.5785,0.9872013651877133
0.578,0.9871904355251921
0.5775,0.9871794871794872
0.577,0.9871685201026519
0.5765,0.9871575342465754
0.576,0.987146529562982
0.5755,0.9871355060034306
0.575,0.9871244635193133
0.5745,0.9871134020618557
0.574,0.9871023215821152
0.5735,0.9870912220309811
0.573,0.9870801033591732
0.5725,0.9870689655172413
0.572,0.9870578084555651
0.5715,0.9870466321243523
0.571,0.9870354364736387
0.5705,0.9870242214532872
0.57,0.987012987012987
0.5695,0.987001733102253
0.569,0.986990459670425
0.569,0.9878472222222222
0.5685,0.9878366637706343
0.568,0.9878260869565217
0.5675,0.9878154917319408
0.567,0.9878048780487805
0.5665,0.987794245858762
0.566,0.987783595113438
0.5655,0.9877729257641922
0.565,0.9877622377622378
0.5645,0.9877515310586177
0.564,0.9877408056042032
0.5635,0.9877300613496932
0.563,0.987719298245614
0.5625,0.9877085162423178
0.562,0.9876977152899824
0.5615,0.9876868953386104
0.561,0.9876760563380281
0.5605,0.9876651982378855
0.56,0.9876543209876543
0.5595,0.9876434245366285
0.559,0.9876325088339223
0.5585,0.9876215738284704
0.558,0.9876106194690265
0.558,0.9884853852967228
0.5575,0.9884751773049646
0.5575,0.9893522626441881
0.5575,0.9902309058614565
0.557,0.9902222222222222
0.5565,0.9902135231316725
0.556,0.9902048085485308
0.5555,0.9901960784313726
0.555,0.9901873327386262
0.5545,0.9901785714285715
0.554,0.9901697944593387
0.5535,0.9901610017889088
0.553,0.990152193375112
0.5525,0.9901433691756273
0.552,0.9901345291479821
0.5515,0.9901256732495511
0.551,0.9901168014375562
0.5505,0.9901079136690647
0.55,0.9900990099009901
0.5495,0.9900900900900901
0.549,0.9900811541929666
0.549,0.9909747292418772
0.5485,0.99096657633243
0.548,0.9909584086799277
0.5475,0.9909502262443439
0.547,0.9909420289855072
0.5465,0.9909338168631007
0.546,0.9909255898366606
0.5455,0.9909173478655767
0.545,0.990909090909091
0.5445,0.9909008189262967
0.5445,0.9918032786885246
0.5445,0.9927073837739289
0.544,0.9927007299270073
0.5435,0.9926940639269406
0.543,0.9926873857404022
0.5425,0.9926806953339433
0.542,0.9926739926739927
0.5415,0.9926672777268561
0.541,0.9926605504587156
0.5405,0.992653810835629
0.54,0.9926470588235294
0.5395,0.9926402943882244
0.5395,0.9935543278084714
0.539,0.9935483870967742
0.5385,0.9935424354243543
0.538,0.9935364727608494
0.5375,0.9935304990757856
0.537,0.9935245143385754
0.5365,0.9935185185185185
0.536,0.9935125115848007
0.536,0.9944341372912802
0.5355,0.9944289693593314
0.535,0.9944237918215614
0.5345,0.9944186046511628
0.534,0.994413407821229
0.5335,0.994408201304753
0.533,0.9944029850746269
0.5325,0.9943977591036415
0.5325,0.9953271028037384
0.532,0.9953227315247896
0.5315,0.9953183520599251
0.531,0.9953139643861293
0.5305,0.9953095684803002
0.53,0.9953051643192489
0.5295,0.9953007518796992
0.529,0.9952963311382879
0.5285,0.995291902071563
0.528,0.9952874646559849
0.5275,0.9952830188679245
0.527,0.9952785646836638
0.5265,0.995274102079395
0.526,0.9952696310312205
0.5255,0.9952651515151515
0.525,0.995260663507109
0.5245,0.9952561669829222
0.524,0.9952516619183286
0.5235,0.9952471482889734
0.523,0.9952426260704091
0.5225,0.9952380952380953
0.522,0.9952335557673975
0.5215,0.9952290076335878
0.521,0.9952244508118434
0.5205,0.9952198852772467
0.52,0.9952153110047847
0.5195,0.9952107279693486
0.519,0.9952061361457335
0.5185,0.9952015355086372
0.518,0.9951969260326609
0.5175,0.9951923076923077
0.517,0.9951876804619827
0.5165,0.9951830443159922
0.516,0.9951783992285439
0.5155,0.9951737451737451
0.515,0.9951690821256038
0.5145,0.995164410058027
0.514,0.995159728944821
0.5135,0.9951550387596899
0.513,0.9951503394762367
0.5125,0.9951456310679612
0.512,0.9951409135082604
0.5115,0.995136186770428
0.511,0.9951314508276533
0.5105,0.9951267056530214
0.51,0.9951219512195122
0.5095,0.9951171875
0.509,0.9951124144672532
0.5085,0.9951076320939335
0.508,0.9951028403525954
0.5075,0.9950980392156863
0.507,0.9950932286555446
0.5065,0.9950884086444007
0.506,0.9950835791543756
0.5055,0.9950787401574803
0.505,0.9950738916256158
0.5045,0.995069033530572
0.504,0.9950641658440277
0.5035,0.9950592885375494
0.503,0.9950544015825915
0.5025,0.995049504950495
0.5025,0.9960356788899901
0.502,0.996031746031746
0.5015,0.9960278053624627
0.501,0.9960238568588469
0.5005,0.9960199004975124
0.5,0.9960159362549801
0.4995,0.996011964107677
0.499,0.9960079840319361
0.4985,0.996003996003996
0.498,0.996
0.4975,0.995995995995996
0.497,0.9959919839679359
0.4965,0.995987963891675
0.496,0.9959839357429718
0.4955,0.9959798994974874
0.495,0.9959758551307847
0.4945,0.9959718026183283
0.494,0.9959677419354839
0.4935,0.9959636730575177
0.493,0.9959595959595959
0.4925,0.9959555106167847
0.492,0.9959514170040485
0.4915,0.9959473150962512
0.491,0.9959432048681541
0.4905,0.9959390862944163
0.49,0.9959349593495935
0.49,0.9969481180061037
0.4895,0.9969450101832994
0.489,0.9969418960244648
0.4885,0.996938775510204
0.488,0.9969356486210419
0.4875,0.9969325153374233
0.487,0.9969293756397134
0.4865,0.9969262295081968
0.486,0.9969230769230769
0.4855,0.9969199178644764
0.485,0.9969167523124358
0.4845,0.9969135802469136
0.484,0.9969104016477858
0.4835,0.9969072164948454
0.4835,0.9979360165118679
0.483,0.9979338842975206
0.4825,0.9979317476732161
0.482,0.9979296066252588
0.4815,0.9979274611398964
0.481,0.9979253112033195
0.4805,0.9979231568016614
0.48,0.997920997920998
0.4795,0.9979188345473465
0.479,0.9979166666666667
0.4785,0.9979144942648592
0.478,0.9979123173277662
0.4775,0.9979101358411703
0.477,0.997907949790795
0.4765,0.9979057591623036
0.476,0.9979035639412998
0.4755,0.9979013641133263
0.475,0.9978991596638656
0.4745,0.9978969505783386
0.474,0.9978947368421053
0.4735,0.9978925184404637
0.473,0.9978902953586498
0.4725,0.9978880675818373
0.472,0.9978858350951374
0.4715,0.9978835978835979
0.471,0.9978813559322034
0.4705,0.9978791092258749
0.47,0.9978768577494692
0.4695,0.997874601487779
0.469,0.997872340425532
0.4685,0.9978700745473909
0.468,0.997867803837953
0.4675,0.9978655282817502
0.467,0.9978632478632479
0.4665,0.9978609625668449
0.466,0.9978586723768736
0.4655,0.9978563772775991
0.465,0.9978540772532188
0.4645,0.9978517722878625
0.464,0.9978494623655914
0.4635,0.9978471474703983
0.463,0.9978448275862069
0.463,0.9989212513484358
0.4625,0.9989200863930886
0.462,0.9989189189189189
0.4615,0.9989177489177489
0.461,0.9989165763813651
0.4605,0.9989154013015185
0.46,0.998914223669924
0.4595,0.9989130434782608
0.459,0.998911860718172
0.4585,0.9989106753812637
0.458,0.9989094874591058
0.4575,0.9989082969432315
0.457,0.9989071038251366
0.4565,0.9989059080962801
0.456,0.9989047097480832
0.4555,0.9989035087719298
0.455,0.9989023051591658
0.4545,0.9989010989010989
0.454,0.9988998899889989
0.4535,0.998898678414097
0.453,0.9988974641675854
0.4525,0.9988962472406181
0.452,0.9988950276243094
0.4515,0.9988938053097345
0.451,0.9988925802879292
0.4505,0.9988913525498891
0.45,0.9988901220865705
0.4495,0.9988888888888889
0.449,0.9988876529477196
0.4485,0.9988864142538976
0.448,0.9988851727982163
0.4475,0.9988839285714286
0.447,0.9988826815642458
0.4465,0.9988814317673378
0.446,0.9988801791713325
0.4455,0.9988789237668162
0.445,0.9988776655443322
0.4445,0.998876404494382
0.444,0.9988751406074241
0.4435,0.9988738738738738
0.443,0.9988726042841037
0.4425,0.9988713318284425
0.442,0.9988700564971752
0.4415,0.998868778280543
0.441,0.9988674971687429
0.4405,0.9988662131519275
0.44,0.9988649262202043
0.4395,0.9988636363636364
0.439,0.9988623435722411
0.4385,0.9988610478359908
0.438,0.9988597491448119
0.4375,0.9988584474885844
0.437,0.9988571428571429
0.4365,0.9988558352402745
0.436,0.9988545246277205
0.4355,0.9988532110091743
0.435,0.9988518943742825
0.4345,0.9988505747126437
0.434,0.998849252013809
0.4335,0.9988479262672811
0.433,0.9988465974625144
0.4325,0.9988452655889145
0.432,0.9988439306358381
0.4315,0.9988425925925926
0.431,0.9988412514484357
0.4305,0.9988399071925754
0.43,0.9988385598141696
0.4295,0.9988372093023256
0.429,0.9988358556461001
0.4285,0.9988344988344988
0.428,0.9988331388564761
0.4275,0.9988317757009346
0.427,0.9988304093567252
0.427,1.0
0.4265,1.0
0.426,1.0
0.4255,1.0
0.425,1.0
0.4245,1.0
0.424,1.0
0.4235,1.0
0.423,1.0
0.4225,1.0
0.422,1.0
0.4215,1.0
0.421,1.0
0.4205,1.0
0.42,1.0
0.4195,1.0
0.419,1.0
0.4185,1.0
0.418,1.0
0.4175,1.0
0.417,1.0
0.4165,1.0
0.416,1.0
0.4155,1.0
0.415,1.0
0.4145,1.0
0.414,1.0
0.4135,1.0
0.413,1.0
0.4125,1.0
0.412,1.0
0.4115,1.0
0.411,1.0
0.4105,1.0
0.41,1.0
0.4095,1.0
0.409,1.0
0.4085,1.0
0.408,1.0
0.4075,1.0
0.407,1.0
0.4065,1.0
0.406,1.0
0.4055,1.0
0.405,1.0
0.4045,1.0
0.404,1.0
0.4035,1.0
0.403,1.0
0.4025,1.0
0.402,1.0
0.4015,1.0
0.401,1.0
0.4005,1.0
0.4,1.0
0.3995,1.0
0.399,1.0
0.3985,1.0
0.398,1.0
0.3975,1.0
0.397,1.0
0.3965,1.0
0.396,1.0
0.3955,1.0
0.395,1.0
0.3945,1.0
0.394,1.0
0.3935,1.0
0.393,1.0
0.3925,1.0
0.392,1.0
0.3915,1.0
0.391,1.0
0.3905,1.0
0.39,1.0
0.3895,1.0
0.389,1.0
0.3885,1.0
0.388,1.0
0.3875,1.0
0.387,1.0
0.3865,1.0
0.386,1.0
0.3855,1.0
0.385,1.0
0.3845,1.0
0.384,1.0
0.3835,1.0
0.383,1.0
0.3825,1.0
0.382,1.0
0.3815,1.0
0.381,1.0
0.3805,1.0
0.38,1.0
0.3795,1.0
0.379,1.0
0.3785,1.0
0.378,1.0
0.3775,1.0
0.377,1.0
0.3765,1.0
0.376,1.0
0.3755,1.0
0.375,1.0
0.3745,1.0
0.374,1.0
0.3735,1.0
0.373,1.0
0.3725,1.0
0.372,1.0
0.3715,1.0
0.371,1.0
0.3705,1.0
0.37,1.0
0.3695,1.0
0.369,1.0
0.3685,1.0
0.368,1.0
0.3675,1.0
0.367,1.0
0.3665,1.0
0.366,1.0
0.3655,1.0
0.365,1.0
0.3645,1.0
0.364,1.0
0.3635,1.0
0.363,1.0
0.3625,1.0
0.362,1.0
0.3615,1.0
0.361,1.0
0.3605,1.0
0.36,1.0
0.3595,1.0
0.359,1.0
0.3585,1.0
0.358,1.0
0.3575,1.0
0.357,1.0
0.3565,1.0
0.356,1.0
0.3555,1.0
0.355,1.0
0.3545,1.0
0.354,1.0
0.3535,1.0
0.353,1.0
0.3525,1.0
0.352,1.0
0.3515,1.0
0.351,1.0
0.3505,1.0
0.35,1.0
0.3495,1.0
0.349,1.0
0.3485,1.0
0.348,1.0
0.3475,1.0
0.347,1.0
0.3465,1.0
0.346,1.0
0.3455,1.0
0.345,1.0
0.3445,1.0
0.344,1.0
0.3435,1.0
0.343,1.0
0.3425,1.0
0.342,1.0
0.3415,1.0
0.341,1.0
0.3405,1.0
0.34,1.0
0.3395,1.0
0.339,1.0
0.3385,1.0
0.338,1.0
0.3375,1.0
0.337,1.0
0.3365,1.0
0.336,1.0
0.3355,1.0
0.335,1.0
0.3345,1.0
0.334,1.0
0.3335,1.0
0.333,1.0
0.3325,1.0
0.332,1.0
0.3315,1.0
0.331,1.0
0.3305,1.0
0.33,1.0
0.3295,1.0
0.329,1.0
0.3285,1.0
0.328,1.0
0.3275,1.0
0.327,1.0
0.3265,1.0
0.326,1.0
0.3255,1.0
0.325,1.0
0.3245,1.0
0.324,1.0
0.3235,1.0
0.323,1.0
0.3225,1.0
0.322,1.0
0.3215,1.0
0.321,1.0
0.3205,1.0
0.32,1.0
0.3195,1.0
0.319,1.0
0.3185,1.0
0.318,1.0
0.3175,1.0
0.317,1.0
0.3165,1.0
0.316,1.0
0.3155,1.0
0.315,1.0
0.3145,1.0
0.314,1.0
0.3135,1.0
0.313,1.0
0.3125,1.0
0.312,1.0
0.3115,1.0
0.311,1.0
0.3105,1.0
0.31,1.0
0.3095,1.0
0.309,1.0
0.3085,1.0
0.308,1.0
0.3075,1.0
0.307,1.0
0.3065,1.0
0.306,1.0
0.3055,1.0
0.305,1.0
0.3045,1.0
0.304,1.0
0.3035,1.0
0.303,1.0
0.3025,1.0
0.302,1.0
0.3015,1.0
0.301,1.0
0.3005,1.0
0.3,1.0
0.2995,1.0
0.299,1.0
0.2985,1.0
0.298,1.0
0.2975,1.0
0.297,1.0
0.2965,1.0
0.296,1.0
0.2955,1.0
0.295,1.0
0.2945,1.0
0.294,1.0
0.2935,1.0
0.293,1.0
0.2925,1.0
0.292,1.0
0.2915,1.0
0.291,1.0
0.2905,1.0
0.29,1.0
0.2895,1.0
0.289,1.0
0.2885,1.0
0.288,1.0
0.2875,1.0
0.287,1.0
0.2865,1.0
0.286,1.0
0.2855,1.0
0.285,1.0
0.2845,1.0
0.284,1.0
0.2835,1.0
0.283,1.0
0.2825,1.0
0.282,1.0
0.2815,1.0
0.281,1.0
0.2805,1.0
0.28,1.0
0.2795,1.0
0.279,1.0
0.2785,1.0
0.278,1.0
0.2775,1.0
0.277,1.0
0.2765,1.0
0.276,1.0
0.2755,1.0
0.275,1.0
0.2745,1.0
0.274,1.0
0.2735,1.0
0.273,1.0
0.2725,1.0
0.272,1.0
0.2715,1.0
0.271,1.0
0.2705,1.0
0.27,1.0
0.2695,1.0
0.2685,1.0
0.268,1.0
0.2675,1.0
0.267,1.0
0.2665,1.0
0.266,1.0
0.2655,1.0
0.265,1.0
0.2645,1.0
0.264,1.0
0.2635,1.0
0.263,1.0
0.2625,1.0
0.262,1.0
0.2615,1.0
0.261,1.0
0.2605,1.0
0.26,1.0
0.2595,1.0
0.259,1.0
0.2585,1.0
0.258,1.0
0.2575,1.0
0.257,1.0
0.2565,1.0
0.256,1.0
0.2555,1.0
0.255,1.0
0.2545,1.0
0.254,1.0
0.2535,1.0
0.253,1.0
0.2525,1.0
0.252,1.0
0.2515,1.0
0.251,1.0
0.2505,1.0
0.25,1.0
0.2495,1.0
0.249,1.0
0.2485,1.0
0.248,1.0
0.2475,1.0
0.247,1.0
0.2465,1.0
0.246,1.0
0.2455,1.0
0.245,1.0
0.2445,1.0
0.244,1.0
0.2435,1.0
0.243,1.0
0.2425,1.0
0.242,1.0
0.2415,1.0
0.241,1.0
0.2405,1.0
0.24,1.0
0.2395,1.0
0.239,1.0
0.2385,1.0
0.238,1.0
0.2375,1.0
0.237,1.0
0.2365,1.0
0.236,1.0
0.2355,1.0
0.235,1.0
0.2345,1.0
0.234,1.0
0.2335,1.0
0.233,1.0
0.2325,1.0
0.232,1.0
0.2315,1.0
0.231,1.0
0.2305,1.0
0.23,1.0
0.2295,1.0
0.229,1.0
0.2285,1.0
0.228,1.0
0.2275,1.0
0.227,1.0
0.2265,1.0
0.226,1.0
0.2255,1.0
0.225,1.0
0.2245,1.0
0.224,1.0
0.2235,1.0
0.223,1.0
0.2225,1.0
0.222,1.0
0.2215,1.0
0.221,1.0
0.2205,1.0
0.22,1.0
0.2195,1.0
0.219,1.0
0.2185,1.0
0.218,1.0
0.2175,1.0
0.217,1.0
0.2165,1.0
0.216,1.0
0.2155,1.0
0.215,1.0
0.2145,1.0
0.214,1.0
0.2135,1.0
0.213,1.0
0.2125,1.0
0.212,1.0
0.2115,1.0
0.211,1.0
0.2105,1.0
0.21,1.0
0.2095,1.0
0.209,1.0
0.2085,1.0
0.208,1.0
0.2075,1.0
0.207,1.0
0.2065,1.0
0.206,1.0
0.2055,1.0
0.205,1.0
0.2045,1.0
0.204,1.0
0.2035,1.0
0.203,1.0
0.2025,1.0
0.202,1.0
0.2015,1.0
0.201,1.0
0.2005,1.0
0.2,1.0
0.1995,1.0
0.199,1.0
0.1985,1.0
0.198,1.0
0.1975,1.0
0.197,1.0
0.1965,1.0
0.196,1.0
0.1955,1.0
0.195,1.0
0.1945,1.0
0.194,1.0
0.1935,1.0
0.193,1.0
0.1925,1.0
0.192,1.0
0.1915,1.0
0.191,1.0
0.1905,1.0
0.19,1.0
0.1895,1.0
0.189,1.0
0.1885,1.0
0.188,1.0
0.1875,1.0
0.187,1.0
0.1865,1.0
0.186,1.0
0.1855,1.0
0.185,1.0
0.1845,1.0
0.184,1.0
0.1835,1.0
0.183,1.0
0.182,1.0
0.1815,1.0
0.181,1.0
0.18,1.0
0.1795,1.0
0.179,1.0
0.1785,1.0
0.178,1.0
0.1775,1.0
0.177,1.0
0.1765,1.0
0.176,1.0
0.1755,1.0
0.175,1.0
0.1745,1.0
0.174,1.0
0.1735,1.0
0.173,1.0
0.1725,1.0
0.172,1.0
0.1715,1.0
0.171,1.0
0.1705,1.0
0.17,1.0
0.1695,1.0
0.169,1.0
0.1685,1.0
0.168,1.0
0.1675,1.0
0.167,1.0
0.1665,1.0
0.166,1.0
0.1655,1.0
0.165,1.0
0.1645,1.0
0.164,1.0
0.1635,1.0
0.163,1.0
0.1625,1.0
0.162,1.0
0.1615,1.0
0.161,1.0
0.1605,1.0
0.16,1.0
0.1595,1.0
0.159,1.0
0.1585,1.0
0.158,1.0
0.1575,1.0
0.157,1.0
0.1565,1.0
0.156,1.0
0.1555,1.0
0.155,1.0
0.1545,1.0
0.154,1.0
0.1535,1.0
0.153,1.0
0.1525,1.0
0.152,1.0
0.1515,1.0
0.151,1.0
0.1505,1.0
0.15,1.0
0.1495,1.0
0.149,1.0
0.1485,1.0
0.148,1.0
0.1475,1.0
0.147,1.0
0.1465,1.0
0.146,1.0
0.1455,1.0
0.145,1.0
0.1445,1.0
0.144,1.0
0.1435,1.0
0.143,1.0
0.1425,1.0
0.142,1.0
0.1415,1.0
0.141,1.0
0.1405,1.0
0.14,1.0
0.1395,1.0
0.139,1.0
0.1385,1.0
0.138,1.0
0.1375,1.0
0.137,1.0
0.1365,1.0
0.136,1.0
0.1355,1.0
0.135,1.0
0.1345,1.0
0.134,1.0
0.1335,1.0
0.133,1.0
0.1325,1.0
0.132,1.0
0.131,1.0
0.1305,1.0
0.13,1.0
0.1295,1.0
0.129,1.0
0.1285,1.0
0.128,1.0
0.1275,1.0
0.127,1.0
0.1265,1.0
0.126,1.0
0.1255,1.0
0.125,1.0
0.1245,1.0
0.124,1.0
0.1235,1.0
0.123,1.0
0.1225,1.0
0.122,1.0
0.1215,1.0
0.121,1.0
0.1205,1.0
0.12,1.0
0.1195,1.0
0.119,1.0
0.1185,1.0
0.118,1.0
0.1175,1.0
0.117,1.0
0.1165,1.0
0.116,1.0
0.1155,1.0
0.115,1.0
0.1145,1.0
0.114,1.0
0.1135,1.0
0.113,1.0
0.1125,1.0
0.112,1.0
0.1115,1.0
0.111,1.0
0.1105,1.0
0.11,1.0
0.1095,1.0
0.109,1.0
0.1085,1.0
0.108,1.0
0.1075,1.0
0.107,1.0
0.1065,1.0
0.106,1.0
0.1055,1.0
0.105,1.0
0.1045,1.0
0.104,1.0
0.1035,1.0
0.103,1.0
0.1025,1.0
0.102,1.0
0.1015,1.0
0.101,1.0
0.1005,1.0
0.1,1.0
0.0995,1.0
0.099,1.0
0.0985,1.0
0.098,1.0
0.0975,1.0
0.0965,1.0
0.096,1.0
0.0955,1.0
0.095,1.0
0.0945,1.0
0.094,1.0
0.0935,1.0
0.093,1.0
0.0925,1.0
0.092,1.0
0.0915,1.0
0.091,1.0
0.0905,1.0
0.0895,1.0
0.089,1.0
0.0885,1.0
0.088,1.0
0.0875,1.0
0.087,1.0
0.0865,1.0
0.086,1.0
0.0855,1.0
0.0845,1.0
0.084,1.0
0.0835,1.0
0.083,1.0
0.0825,1.0
0.082,1.0
0.0815,1.0
0.081,1.0
0.0805,1.0
0.08,1.0
0.0795,1.0
0.079,1.0
0.0785,1.0
0.078,1.0
0.0775,1.0
0.077,1.0
0.0765,1.0
0.076,1.0
0.0755,1.0
0.075,1.0
0.0745,1.0
0.074,1.0
0.0735,1.0
0.073,1.0
0.0725,1.0
0.072,1.0
0.0715,1.0
0.071,1.0
0.0705,1.0
0.07,1.0
0.0695,1.0
0.069,1.0
0.0685,1.0
0.068,1.0
0.0675,1.0
0.067,1.0
0.0665,1.0
0.066,1.0
0.0655,1.0
0.065,1.0
0.0645,1.0
0.064,1.0
0.0635,1.0
0.063,1.0
0.0625,1.0
0.062,1.0
0.0615,1.0
0.061,1.0
0.0605,1.0
0.06,1.0
0.0595,1.0
0.059,1.0
0.0585,1.0
0.058,1.0
0.0575,1.0
0.057,1.0
0.0565,1.0
0.056,1.0
0.0555,1.0
0.055,1.0
0.0545,1.0
0.054,1.0
0.0535,1.0
0.053,1.0
0.0525,1.0
0.052,1.0
0.0515,1.0
0.051,1.0
0.0505,1.0
0.05,1.0
0.0495,1.0
0.049,1.0
0.0485,1.0
0.048,1.0
0.0475,1.0
0.047,1.0
0.0465,1.0
0.046,1.0
0.0455,1.0
0.045,1.0
0.044,1.0
0.0435,1.0
0.043,1.0
0.0425,1.0
0.042,1.0
0.0415,1.0
0.041,1.0
0.0405,1.0
0.04,1.0
0.0395,1.0
0.039,1.0
0.0385,1.0
0.038,1.0
0.0375,1.0
0.037,1.0
0.0365,1.0
0.036,1.0
0.0355,1.0
0.035,1.0
0.034,1.0
0.0335,1.0
0.033,1.0
0.0325,1.0
0.032,1.0
0.0315,1.0
0.031,1.0
0.0305,1.0
0.03,1.0
0.0295,1.0
0.029,1.0
0.0285,1.0
0.028,1.0
0.0275,1.0
0.027,1.0
0.0265,1.0
0.026,1.0
0.0255,1.0
0.025,1.0
0.0245,1.0
0.024,1.0
0.0235,1.0
0.023,1.0
0.0225,1.0
0.022,1.0
0.0215,1.0
0.021,1.0
0.0205,1.0
0.02,1.0
0.019,1.0
0.0185,1.0
0.018,1.0
0.0175,1.0
0.017,1.0
0.0165,1.0
0.016,1.0
0.0155,1.0
0.015,1.0
0.0145,1.0
0.014,1.0
0.0135,1.0
0.0125,1.0
0.012,1.0
0.0115,1.0
0.011,1.0
0.0105,1.0
0.01,1.0
0.0095,1.0
0.009,1.0
0.0085,1.0
0.008,1.0
0.0075,1.0
0.007,1.0
0.0065,1.0
0.006,1.0
0.0055,1.0
0.005,1.0
0.0045,1.0
0.004,1.0
0.0035,1.0
0.003,1.0
0.0025,1.0
0.002,1.0
0.0015,1.0
0.001,1.0
0.0005,1.0
0.0,1.0
